# Generated by diag/generate-evidence-kinds.mjs from lib/evidence/record.mjs; do not edit.
# kind	file	fields	required
open	journal	tool toolVersion toolRevision command argv roots node platform	tool toolVersion command argv roots
input	journal	root path sha256 bytes	root path sha256
finding	journal	fingerprint rule tier path line	fingerprint rule
suppressed	journal	fingerprint by who expires reasonSha256	fingerprint by
baseline-write	journal	added removed who expires reasonSha256 path sha256	added removed sha256
witness	journal	fingerprint outcome who when system sourceSha256	fingerprint outcome
verdict	journal	verdict checks relaxed exit	verdict
output	journal	name sha256 bytes path stdout	name sha256
close	journal	exit counts durationMs ledger executor assumptions	exit
dd	journal	dd event mode sha256 bytes	dd event
call	journal	program from sha256	program
abend	journal	code file line	code
step	journal	step pgm outcome	step pgm outcome
sink	journal	sink file line marker reached input	sink file line
statement	journal	file line capped	file line
genesis	ledger	createdAt	createdAt
run	ledger	run runChain runLength runTip	run runChain runLength runTip
lock-broken	ledger	holderPid ageMs	holderPid ageMs
