program	class	stderr	vm	vm detail
CM101M	refused	CM101M.CBL:230:8: IWR0006-S the COMMUNICATION SECTION is not supported yet	-	
CM102M	refused	CM102M.CBL:278:8: IWR0006-S the COMMUNICATION SECTION is not supported yet	-	
CM103M	refused	CM103M.CBL:181:8: IWR0006-S the COMMUNICATION SECTION is not supported yet	-	
CM104M	refused	CM104M.CBL:177:8: IWR0006-S the COMMUNICATION SECTION is not supported yet	-	
CM105M	refused	CM105M.CBL:176:8: IWR0006-S the COMMUNICATION SECTION is not supported yet	-	
CM201M	refused	CM201M.CBL:45:8: IWR0006-S the COMMUNICATION SECTION is not supported yet	-	
CM202M	refused	CM202M.CBL:208:8: IWR0006-S the COMMUNICATION SECTION is not supported yet	-	
CM303M	exit-12	CM303M.CBL:17:8: IWR0006-S the COMMUNICATION SECTION is not supported yet	-	
CM401M	exit-12	CM401M.CBL:15:8: IWR0006-S the COMMUNICATION SECTION is not supported yet	-	
DB101A	failed		same	
DB102A	clean		same	
DB103M	clean		same	
DB104A	failed		same	
DB105A	clean		same	
DB201A	refused	DB201A.CBL:232:12: IWS0067-S USE FOR DEBUGGING ON ALL: Enterprise COBOL debugs procedures, by name or as ALL PROCEDURES, and no other items	-	
DB202A	refused	DB202A.CBL:269:12: IWS0067-S USE FOR DEBUGGING ON ALL: Enterprise COBOL debugs procedures, by name or as ALL PROCEDURES, and no other items	-	
DB203A	refused	DB203A.CBL:277:12: IWC0012-S USE FOR DEBUGGING ON IND-FILE: no paragraph or section named IND-FILE	-	
DB204A	failed		same	
DB205A	refused	DB205A.CBL:173:8: IWR0006-S the COMMUNICATION SECTION is not supported yet	-	
DB301M	compiled	DB301M.CBL:37:8: informational: IWS0066-I BUGGING-2 SECTION: no paragraph-name after its USE statement	-	
DB302M	compiled	DB302M.CBL:36:8: informational: IWS0066-I BUGGING SECTION: no paragraph-name after its USE statement	-	
DB303M	exit-12	DB303M.CBL:33:12: IWS0067-S USE FOR DEBUGGING ON ALL: Enterprise COBOL debugs procedures, by name or as ALL PROCEDURES, and no other items	-	
DB304M	exit-12	DB304M.CBL:17:8: IWR0006-S the COMMUNICATION SECTION is not supported yet	-	
DB305M	compiled	DB305M.CBL:36:8: informational: IWS0066-I BUGGING SECTION: no paragraph-name after its USE statement	-	
IC101A	clean		same	
IC102A	called		-	
IC103A	clean		same	
IC104A	called		-	
IC105A	called		-	
IC106A	clean		same	
IC107A	called		-	
IC108A	clean		same	
IC109A	called		-	
IC110A	called		-	
IC111A	called		-	
IC112A	clean		same	
IC113A	called		-	
IC114A	clean		same	
IC115A	called		-	
IC116M	clean		same	
IC117M	called		-	
IC118M	called		-	
IC201A	clean		same	
IC202A	called		-	
IC203A	failed		same	
IC204A	called		-	
IC205A	called		-	
IC206A	called		-	
IC207A	clean		same	
IC208A	called		-	
IC209A	clean		same	
IC210A	called		-	
IC211A	called		-	
IC212A	called		-	
IC213A	clean		same	
IC214A	called		-	
IC215A	called		-	
IC216A	clean		same	
IC217A	called		-	
IC222A	clean		same	
IC223A	clean		same	
IC224A	clean		same	
IC225A	clean		same	
IC226A	clean		same	
IC227A	clean		same	
IC228A	clean		same	
IC233A	clean		same	
IC234A	clean		same	
IC235A	clean		same	
IC237A	clean		same	
IC401M	compiled	IC401M.CBL:32:8: informational: IWS0066-I IC401M-USE SECTION: no paragraph-name after its USE statement	-	
IF101A	clean		same	
IF102A	clean		same	
IF103A	clean		same	
IF104A	clean		same	
IF105A	clean		same	
IF106A	clean		same	
IF107A	clean		same	
IF108A	clean		same	
IF109A	clean		same	
IF110A	clean		same	
IF111A	clean		same	
IF112A	clean		same	
IF113A	clean		same	
IF114A	clean		same	
IF115A	clean		same	
IF116A	clean		same	
IF117A	clean		same	
IF118A	clean		same	
IF119A	clean		same	
IF120A	clean		same	
IF121A	clean		same	
IF122A	clean		same	
IF123A	clean		same	
IF124A	clean		same	
IF125A	clean		same	
IF126A	clean		same	
IF127A	clean		same	
IF128A	clean		same	
IF129A	clean		same	
IF130A	clean		same	
IF131A	clean		same	
IF132A	clean		same	
IF133A	clean		same	
IF134A	clean		same	
IF135A	clean		same	
IF136A	clean		same	
IF137A	clean		same	
IF138A	clean		same	
IF139A	clean		same	
IF140A	clean		same	
IF141A	clean		same	
IF142A	clean		same	
IF401M	compiled	IF401M.CBL: warning: IWC0055-W no STOP RUN, GOBACK or EXIT PROGRAM in the program: check that it ends	-	
IF402M	compiled	IF402M.CBL: warning: IWC0055-W no STOP RUN, GOBACK or EXIT PROGRAM in the program: check that it ends	-	
IF403M	compiled	IF403M.CBL: warning: IWC0055-W no STOP RUN, GOBACK or EXIT PROGRAM in the program: check that it ends	-	
IX101A	clean		same	
IX102A	clean		same	
IX103A	clean		same	
IX104A	clean		same	
IX105A	clean		same	
IX106A	clean		same	
IX107A	clean		same	
IX108A	clean		same	
IX109A	clean		same	
IX110A	refused	IX110A.CBL:123:8: IWC0260-S PICTURE P: P must be one string of scaling positions at the left or right end of the digits	-	
IX111A	clean		same	
IX112A	clean		same	
IX113A	clean		same	
IX114A	clean		same	
IX115A	clean		same	
IX116A	clean		same	
IX117A	clean		same	
IX118A	clean		same	
IX119A	clean		same	
IX120A	clean		same	
IX121A	clean		same	
IX201A	clean		same	
IX202A	clean		same	
IX203A	clean		same	
IX204A	clean		same	
IX205A	clean		same	
IX206A	clean		same	
IX207A	clean		same	
IX208A	clean		same	
IX209A	clean		same	
IX210A	clean		same	
IX211A	clean		same	
IX212A	clean		same	
IX213A	clean		same	
IX214A	clean		same	
IX215A	clean		same	
IX216A	clean		same	
IX217A	clean		same	
IX218A	clean		same	
IX301M	compiled		-	
IX302M	compiled		-	
IX401M	compiled		-	
NC101A	clean		same	
NC102A	clean		same	
NC103A	clean		same	
NC104A	clean		same	
NC105A	clean		same	
NC106A	clean		same	
NC107A	failed		same	
NC108M	clean		same	
NC109M	clean		same	
NC110M	clean		same	
NC111A	clean		same	
NC112A	clean		same	
NC113M	clean		same	
NC114M	clean		same	
NC115A	clean		same	
NC116A	clean		same	
NC117A	clean		same	
NC118A	clean		same	
NC119A	clean		same	
NC120A	clean		same	
NC121M	clean		same	
NC122A	clean		same	
NC123A	clean		same	
NC124A	clean		same	
NC125A	clean		same	
NC126A	clean		same	
NC127A	clean		same	
NC131A	clean		same	
NC132A	clean		same	
NC133A	clean		same	
NC134A	clean		same	
NC135A	clean		same	
NC136A	clean		same	
NC137A	clean		same	
NC138A	clean		same	
NC139A	clean		same	
NC140A	clean		same	
NC141A	clean		same	
NC170A	clean		same	
NC171A	clean		same	
NC172A	clean		same	
NC173A	clean		same	
NC174A	clean		same	
NC175A	clean		same	
NC176A	clean		same	
NC177A	clean		same	
NC201A	clean		same	
NC202A	clean		same	
NC203A	clean		same	
NC204M	clean		same	
NC205A	clean		same	
NC206A	clean		same	
NC207A	clean		same	
NC208A	clean		same	
NC209A	clean		same	
NC210A	clean		same	
NC211A	clean		same	
NC214M	clean		same	
NC215A	clean		same	
NC216A	clean		same	
NC217A	clean		same	
NC218A	clean		same	
NC219A	clean		same	
NC220M	clean		same	
NC221A	clean		same	
NC222A	clean		same	
NC223A	clean		same	
NC224A	clean		same	
NC225A	clean		same	
NC231A	clean		same	
NC232A	clean		same	
NC233A	clean		same	
NC234A	clean		same	
NC235A	clean		same	
NC236A	clean		same	
NC237A	clean		same	
NC238A	clean		same	
NC239A	clean		same	
NC240A	clean		same	
NC241A	clean		same	
NC242A	clean		same	
NC243A	clean		same	
NC244A	clean		same	
NC245A	clean		same	
NC246A	clean		same	
NC247A	clean		same	
NC248A	clean		same	
NC250A	clean		same	
NC251A	clean		same	
NC252A	clean		same	
NC253A	clean		same	
NC254A	clean		same	
NC302M	compiled		-	
NC303M	compiled		-	
NC401M	compiled		-	
OBIC1A	clean		same	
OBIC2A	called		-	
OBIC3A	called		-	
OBNC1M	failed		same	
OBNC2M	clean		same	
OBSQ1A	clean		same	
OBSQ3A	clean		same	
OBSQ4A	clean		same	
OBSQ5A	clean		same	
RL101A	clean		same	
RL102A	clean		same	
RL103A	clean		same	
RL104A	clean		same	
RL105A	clean		same	
RL106A	clean		same	
RL107A	clean		same	
RL108A	clean		same	
RL109A	clean		same	
RL110A	clean		same	
RL111A	clean		same	
RL112A	clean		same	
RL113A	clean		same	
RL114A	clean		same	
RL115A	clean		same	
RL116A	clean		same	
RL117A	clean		same	
RL118A	clean		same	
RL119A	clean		same	
RL201A	clean		same	
RL202A	clean		same	
RL203A	clean		same	
RL204A	clean		same	
RL205A	clean		same	
RL206A	clean		same	
RL207A	clean		same	
RL208A	clean		same	
RL209A	clean		same	
RL210A	clean		same	
RL211A	clean		same	
RL212A	clean		same	
RL213A	clean		same	
RL301M	compiled		-	
RL302M	compiled		-	
RL401M	compiled		-	
RW101A	clean		same	
RW102A	clean		same	
RW103A	clean		same	
RW104A	clean		same	
RW301M	compiled		-	
RW302M	compiled		-	
SG101A	clean		same	
SG102A	clean		same	
SG103A	clean		same	
SG104A	clean		same	
SG105A	clean		same	
SG106A	clean		same	
SG201A	clean		same	
SG202A	clean		same	
SG203A	clean		same	
SG204A	clean		same	
SG302M	compiled		-	
SG303M	compiled	SG303M.CBL: warning: IWC0055-W no STOP RUN, GOBACK or EXIT PROGRAM in the program: check that it ends	-	
SG401M	compiled	SG401M.CBL: warning: IWC0055-W no STOP RUN, GOBACK or EXIT PROGRAM in the program: check that it ends	-	
SM101A	clean		same	
SM102A	clean		same	
SM103A	clean		same	
SM104A	clean		same	
SM105A	clean		same	
SM106A	clean		same	
SM107A	clean		same	
SM201A	clean		same	
SM202A	clean		same	
SM203A	clean		same	
SM204A	clean		same	
SM205A	clean		same	
SM206A	clean		same	
SM207A	failed		same	
SM208A	clean		same	
SM301M	compiled		-	
SM401M	compiled		-	
SQ101M	clean		same	
SQ102A	clean		same	
SQ103A	clean		same	
SQ104A	clean		same	
SQ105A	clean		same	
SQ106A	clean		same	
SQ107A	clean		same	
SQ108A	clean		same	
SQ109M	clean		same	
SQ110M	clean		same	
SQ111A	clean		same	
SQ112A	clean		same	
SQ113A	clean		same	
SQ114A	clean		same	
SQ115A	clean		same	
SQ116A	clean		same	
SQ117A	clean		same	
SQ121A	clean		same	
SQ122A	clean		same	
SQ123A	clean		same	
SQ124A	clean		same	
SQ125A	clean		same	
SQ126A	clean		same	
SQ127A	clean		same	
SQ128A	clean		same	
SQ129A	clean		same	
SQ130A	clean		same	
SQ131A	clean		same	
SQ132A	clean		same	
SQ133A	clean		same	
SQ134A	clean		same	
SQ135A	clean		same	
SQ136A	failed		same	
SQ137A	clean		same	
SQ138A	clean		same	
SQ139A	clean		same	
SQ140A	clean		same	
SQ141A	clean		same	
SQ142A	clean		same	
SQ143A	clean		same	
SQ144A	clean		same	
SQ146A	clean		same	
SQ147A	clean		same	
SQ148A	clean		same	
SQ149A	clean		same	
SQ150A	clean		same	
SQ151A	clean		same	
SQ152A	clean		same	
SQ153A	clean		same	
SQ154A	clean		same	
SQ155A	clean		same	
SQ156A	clean		same	
SQ201M	clean		same	
SQ202A	clean		same	
SQ203A	clean		same	
SQ204A	clean		same	
SQ205A	clean		same	
SQ206A	clean		same	
SQ207M	clean		same	
SQ208M	clean		same	
SQ209M	clean		same	
SQ210M	clean		same	
SQ211A	clean		same	
SQ212A	clean		same	
SQ213A	clean		same	
SQ214A	clean		same	
SQ215A	clean		same	
SQ216A	clean		same	
SQ217A	clean		same	
SQ218A	clean		same	
SQ219A	clean		same	
SQ220A	clean		same	
SQ221A	clean		same	
SQ222A	clean		same	
SQ223A	clean		same	
SQ224A	clean		same	
SQ225A	clean		same	
SQ226A	clean		same	
SQ227A	clean		same	
SQ228A	clean		same	
SQ229A	clean		same	
SQ230A	clean		same	
SQ302M	compiled		-	
SQ303M	compiled		-	
SQ401M	compiled		-	
ST101A	clean		same	
ST102A	clean		same	
ST103A	clean		same	
ST104A	clean		same	
ST105A	clean		same	
ST106A	clean		same	
ST107A	clean		same	
ST108A	clean		same	
ST109A	clean		same	
ST110A	clean		same	
ST111A	clean		same	
ST112M	clean		same	
ST113M	clean		same	
ST114M	clean		same	
ST115A	clean		same	
ST116A	clean		same	
ST117A	clean		same	
ST118A	clean		same	
ST119A	clean		same	
ST120A	clean		same	
ST121A	clean		same	
ST122A	clean		same	
ST123A	clean		same	
ST124A	clean		same	
ST125A	clean		same	
ST126A	clean		same	
ST127A	clean		same	
ST131A	clean		same	
ST132A	clean		same	
ST133A	clean		same	
ST134A	clean		same	
ST135A	clean		same	
ST136A	clean		same	
ST137A	clean		same	
ST139A	clean		same	
ST140A	clean		same	
ST144A	clean		same	
ST146A	clean		same	
ST147A	clean		same	
ST301M	compiled		-	
