# Enterprise COBOL's compiler options, from Enterprise COBOL for z/OS 6.4 Programming Guide (SC27-8714-03), Table 45. Compiler options, pages 339-342.
# GENERATED from cobolwork's provenance/enterprise-options.json by diag/generate-options.mjs; ironwork vendors this file.
# option	negative	spellings	process	first-program-only	installation-default	page
APOST/QUOTE	-	APOST QUOTE Q	yes	no	yes	347
ARITH	-	ARITH AR	yes	no	yes	349
CICS	NOCICS	CICS NOCICS	yes	yes	yes	352
CODEPAGE	-	CODEPAGE CP	yes	no	yes	353
CURRENCY	NOCURRENCY	CURRENCY NOCURRENCY CURR NOCURR	yes	no	yes	358
DBCS	NODBCS	DBCS NODBCS	yes	no	yes	360
NSYMBOL	-	NSYMBOL NS	yes	no	yes	387
NUMBER	NONUMBER	NUMBER NONUMBER NUM NONUM	yes	no	yes	388
QUALIFY	-	QUALIFY QUA	yes	no	yes	400
SEQUENCE	NOSEQUENCE	SEQUENCE NOSEQUENCE SEQ NOSEQ	yes	no	yes	405
SQL	NOSQL	SQL NOSQL	yes	yes	yes	408
SQLCCSID	NOSQLCCSID	SQLCCSID NOSQLCCSID SQLC NOSQLC	yes	no	yes	409
SQLIMS	NOSQLIMS	SQLIMS NOSQLIMS	yes	yes	yes	410
SUPPRESS	NOSUPPRESS	SUPPRESS NOSUPPRESS SUPP NOSUPP	yes	no	yes	413
WORD	NOWORD	WORD NOWORD WD NOWD	yes	no	yes	425
XMLPARSE	-	XMLPARSE XP	yes	no	yes	425
INTDATE	-	INTDATE	yes	no	yes	375
CONDCOMP	-	CONDCOMP CC	yes	no	yes	356
LANGUAGE	-	LANGUAGE LANG	yes	no	yes	381
LINECOUNT	-	LINECOUNT LC	yes	no	yes	381
LIST	NOLIST	LIST NOLIST	yes	no	yes	382
MAP	NOMAP	MAP NOMAP	yes	no	yes	384
OFFSET	NOOFFSET	OFFSET NOOFFSET OFF NOOFF	yes	no	yes	393
SOURCE	NOSOURCE	SOURCE NOSOURCE S NOS	yes	no	yes	407
SPACE	-	SPACE	yes	no	yes	408
TERMINAL	NOTERMINAL	TERMINAL NOTERMINAL TERM NOTERM	yes	no	yes	413
VBREF	NOVBREF	VBREF NOVBREF	yes	no	yes	422
XREF	NOXREF	XREF NOXREF X NOX	yes	no	yes	426
COMPILE	NOCOMPILE	COMPILE NOCOMPILE C NOC	yes	no	yes	355
COPYRIGHT	NOCOPYRIGHT	COPYRIGHT NOCOPYRIGHT CPYR NOCPYR	yes	no	yes	357
DECK	NODECK	DECK NODECK D NOD	yes	no	yes	360
NAME	NONAME	NAME NONAME	yes	no	yes	387
OBJECT	NOOBJECT	OBJECT NOOBJECT OBJ NOOBJ	yes	no	yes	393
PGMNAME	-	PGMNAME PGMN	yes	no	yes	398
SERVICE	NOSERVICE	SERVICE NOSERVICE SERV NOSERV	yes	no	yes	405
ADV	NOADV	ADV NOADV	yes	no	yes	346
AFP	-	AFP	yes	no	yes	346
ARCH	-	ARCH	yes	no	yes	347
AWO	NOAWO	AWO NOAWO	yes	no	yes	350
BLOCK0	NOBLOCK0	BLOCK0 NOBLOCK0	yes	no	yes	350
DEFINE	NODEFINE	DEFINE NODEFINE DEF NODEF	yes	yes	yes	360
DISPSIGN	-	DISPSIGN DS	yes	no	yes	362
DLL	NODLL	DLL NODLL	yes	no	yes	363
EXPORTALL	NOEXPORTALL	EXPORTALL NOEXPORTALL EXP NOEXP	yes	no	yes	369
FASTSRT	NOFASTSRT	FASTSRT NOFASTSRT FSRT NOFSRT	yes	no	yes	369
HGPR	-	HGPR	yes	no	yes	372
INITIAL	NOINITIAL	INITIAL NOINITIAL	yes	no	yes	374
INLINE	NOINLINE	INLINE NOINLINE INL NOINL	yes	no	yes	375
INVDATA	NOINVDATA	INVDATA NOINVDATA NOINV INVD NOINVD	yes	no	yes	376
JAVAIOP	NOJAVAIOP	JAVAIOP NOJAVAIOP JIOP NOJIOP	yes	yes	yes	379
LP	-	LP	yes	yes	yes	383
MAXPCF	-	MAXPCF	yes	no	yes	385
NUMCHECK	NONUMCHECK	NUMCHECK NONUMCHECK NC NONC	yes	no	yes	388
NUMPROC	-	NUMPROC	yes	no	yes	392
OPTIMIZE	NOOPTIMIZE	OPTIMIZE NOOPTIMIZE OPT	yes	no	yes	395
OUTDD	-	OUTDD OUT	yes	yes	yes	396
PARMCHECK	NOPARMCHECK	PARMCHECK NOPARMCHECK PC NOPC	yes	no	yes	397
TRUNC	-	TRUNC	yes	no	yes	419
TUNE	-	TUNE	yes	no	yes	421
VLR	-	VLR	yes	no	yes	422
ZONECHECK	NOZONECHECK	ZONECHECK NOZONECHECK NOZC ZC	yes	no	yes	427
ZONEDATA	-	ZONEDATA ZD	yes	no	yes	428
ZWB	NOZWB	ZWB NOZWB	yes	no	yes	431
BUFSIZE	-	BUFSIZE BUF	yes	yes	yes	351
DATA	-	DATA	yes	no	yes	359
DYNAM	NODYNAM	DYNAM NODYNAM DYN NODYN	yes	no	yes	366
RENT	NORENT	RENT NORENT	yes	no	yes	401
RMODE	-	RMODE	yes	no	yes	402
STGOPT	NOSTGOPT	STGOPT NOSTGOPT SO NOSO	yes	no	yes	412
DIAGTRUNC	NODIAGTRUNC	DIAGTRUNC NODIAGTRUNC DTR NODTR	yes	no	yes	362
DUMP	NODUMP	DUMP NODUMP DU NODU	yes	no	yes	365
FLAG	NOFLAG	FLAG NOFLAG F NOF	yes	no	yes	369
FLAGSTD	NOFLAGSTD	FLAGSTD NOFLAGSTD	yes	no	yes	370
INITCHECK	NOINITCHECK	INITCHECK NOINITCHECK IC NOIC	yes	no	yes	373
RULES	NORULES	RULES NORULES	yes	no	yes	403
SSRANGE	NOSSRANGE	SSRANGE NOSSRANGE SSR NOSSR	yes	no	yes	411
TEST	NOTEST	TEST NOTEST	yes	no	yes	414
ADATA	NOADATA	ADATA NOADATA	no	no	yes	345
COPYLOC	NOCOPYLOC	COPYLOC NOCOPYLOC CPLC NOCPLC	yes	yes	yes	356
EXIT	NOEXIT	EXIT NOEXIT NOEX EX	no	no	yes	367
MDECK	NOMDECK	MDECK NOMDECK NOMD MD	no	no	yes	386
OPTFILE	-	OPTFILE	yes	no	no	394
SMARTBIN	NOSMARTBIN	SMARTBIN NOSMARTBIN	yes	no	yes	406
THREAD	NOTHREAD	THREAD NOTHREAD	yes	no	yes	418
VSAMOPENFS	-	VSAMOPENFS VS	yes	no	yes	424
