# The CICS commands cobolwork's precompiler translates and each option's argument type and direction, from CICS Transaction Server for z/OS Version 5 Release 3, Application Programming Reference (SC34-7402-00); doc is each command's CICS TS 6.x topic and page the reference's.
# GENERATED from cobolwork's provenance/precompile.json by diag/generate-precompile.mjs; ironwork vendors this file.
# A command named in several words is told from its namesakes by an identify option; default marks the one meant when none is written. Command * lists the options every command may carry, option * any condition name, and option - a command with none.
# command	identify	default	option	argument	direction	doc	page
*	-	no	RESP	data-area	receives	https://publibfp.dhe.ibm.com/epubs/pdf/dfhp4h00.pdf	11
*	-	no	RESP2	data-area	receives	https://publibfp.dhe.ibm.com/epubs/pdf/dfhp4h00.pdf	11
ABEND	-	no	ABCODE	name	sends	https://www.ibm.com/docs/en/cics-ts/6.x?topic=summary-abend	32
ADDRESS	-	no	ACEE	ptr-ref	receives	https://www.ibm.com/docs/en/cics-ts/6.x?topic=summary-address	39
ADDRESS	-	no	COMMAREA	ptr-ref	receives	https://www.ibm.com/docs/en/cics-ts/6.x?topic=summary-address	39
ADDRESS	-	no	CWA	ptr-ref	receives	https://www.ibm.com/docs/en/cics-ts/6.x?topic=summary-address	39
ADDRESS	-	no	EIB	ptr-ref	receives	https://www.ibm.com/docs/en/cics-ts/6.x?topic=summary-address	39
ADDRESS	-	no	TCTUA	ptr-ref	receives	https://www.ibm.com/docs/en/cics-ts/6.x?topic=summary-address	39
ADDRESS	-	no	TWA	ptr-ref	receives	https://www.ibm.com/docs/en/cics-ts/6.x?topic=summary-address	39
ADDRESS SET	SET	no	SET	ptr-ref	receives	https://www.ibm.com/docs/en/cics-ts/6.x?topic=summary-address-set	41
ADDRESS SET	SET	no	USING	ptr-value	sends	https://www.ibm.com/docs/en/cics-ts/6.x?topic=summary-address-set	41
ASKTIME	-	no	ABSTIME	data-area	receives	https://www.ibm.com/docs/en/cics-ts/6.x?topic=summary-asktime	50
ASSIGN	-	no	ABCODE	data-area	receives	https://www.ibm.com/docs/en/cics-ts/6.x?topic=summary-assign	51
ASSIGN	-	no	MAPLINE	data-area	receives	https://www.ibm.com/docs/en/cics-ts/6.x?topic=summary-assign	51
ASSIGN	-	no	ABDUMP	data-area	receives	https://www.ibm.com/docs/en/cics-ts/6.x?topic=summary-assign	51
ASSIGN	-	no	MAPWIDTH	data-area	receives	https://www.ibm.com/docs/en/cics-ts/6.x?topic=summary-assign	51
ASSIGN	-	no	ABOFFSET	data-area	receives	https://www.ibm.com/docs/en/cics-ts/6.x?topic=summary-assign	51
ASSIGN	-	no	MICROVERSION	data-area	receives	https://www.ibm.com/docs/en/cics-ts/6.x?topic=summary-assign	51
ASSIGN	-	no	ABPROGRAM	data-area	receives	https://www.ibm.com/docs/en/cics-ts/6.x?topic=summary-assign	51
ASSIGN	-	no	MINORVERSION	data-area	receives	https://www.ibm.com/docs/en/cics-ts/6.x?topic=summary-assign	51
ASSIGN	-	no	ACTIVITY	data-area	receives	https://www.ibm.com/docs/en/cics-ts/6.x?topic=summary-assign	51
ASSIGN	-	no	MSRCONTROL	data-area	receives	https://www.ibm.com/docs/en/cics-ts/6.x?topic=summary-assign	51
ASSIGN	-	no	ACTIVITYID	data-area	receives	https://www.ibm.com/docs/en/cics-ts/6.x?topic=summary-assign	51
ASSIGN	-	no	NATLANGINUSE	data-area	receives	https://www.ibm.com/docs/en/cics-ts/6.x?topic=summary-assign	51
ASSIGN	-	no	ALTSCRNHT	data-area	receives	https://www.ibm.com/docs/en/cics-ts/6.x?topic=summary-assign	51
ASSIGN	-	no	NETNAME	data-area	receives	https://www.ibm.com/docs/en/cics-ts/6.x?topic=summary-assign	51
ASSIGN	-	no	ALTSCRNWD	data-area	receives	https://www.ibm.com/docs/en/cics-ts/6.x?topic=summary-assign	51
ASSIGN	-	no	NEXTTRANSID	data-area	receives	https://www.ibm.com/docs/en/cics-ts/6.x?topic=summary-assign	51
ASSIGN	-	no	APLKYBD	data-area	receives	https://www.ibm.com/docs/en/cics-ts/6.x?topic=summary-assign	51
ASSIGN	-	no	NUMTAB	data-area	receives	https://www.ibm.com/docs/en/cics-ts/6.x?topic=summary-assign	51
ASSIGN	-	no	APLTEXT	data-area	receives	https://www.ibm.com/docs/en/cics-ts/6.x?topic=summary-assign	51
ASSIGN	-	no	OPCLASS	data-area	receives	https://www.ibm.com/docs/en/cics-ts/6.x?topic=summary-assign	51
ASSIGN	-	no	APPLICATION	data-area	receives	https://www.ibm.com/docs/en/cics-ts/6.x?topic=summary-assign	51
ASSIGN	-	no	OPERATION	data-area	receives	https://www.ibm.com/docs/en/cics-ts/6.x?topic=summary-assign	51
ASSIGN	-	no	APPLID	data-area	receives	https://www.ibm.com/docs/en/cics-ts/6.x?topic=summary-assign	51
ASSIGN	-	no	OPERKEYS	data-area	receives	https://www.ibm.com/docs/en/cics-ts/6.x?topic=summary-assign	51
ASSIGN	-	no	ASRAINTRPT	data-area	receives	https://www.ibm.com/docs/en/cics-ts/6.x?topic=summary-assign	51
ASSIGN	-	no	OPID	data-area	receives	https://www.ibm.com/docs/en/cics-ts/6.x?topic=summary-assign	51
ASSIGN	-	no	ASRAKEY	cvda	receives	https://www.ibm.com/docs/en/cics-ts/6.x?topic=summary-assign	51
ASSIGN	-	no	OPSECURITY	data-area	receives	https://www.ibm.com/docs/en/cics-ts/6.x?topic=summary-assign	51
ASSIGN	-	no	ASRAPSW	data-area	receives	https://www.ibm.com/docs/en/cics-ts/6.x?topic=summary-assign	51
ASSIGN	-	no	ORGABCODE	data-area	receives	https://www.ibm.com/docs/en/cics-ts/6.x?topic=summary-assign	51
ASSIGN	-	no	ASRAPSW16	data-area	receives	https://www.ibm.com/docs/en/cics-ts/6.x?topic=summary-assign	51
ASSIGN	-	no	OUTLINE	data-area	receives	https://www.ibm.com/docs/en/cics-ts/6.x?topic=summary-assign	51
ASSIGN	-	no	ASRAREGS	data-area	receives	https://www.ibm.com/docs/en/cics-ts/6.x?topic=summary-assign	51
ASSIGN	-	no	PAGENUM	data-area	receives	https://www.ibm.com/docs/en/cics-ts/6.x?topic=summary-assign	51
ASSIGN	-	no	ASRAREGS64	data-area	receives	https://www.ibm.com/docs/en/cics-ts/6.x?topic=summary-assign	51
ASSIGN	-	no	PARTNPAGE	data-area	receives	https://www.ibm.com/docs/en/cics-ts/6.x?topic=summary-assign	51
ASSIGN	-	no	ASRASPC	cvda	receives	https://www.ibm.com/docs/en/cics-ts/6.x?topic=summary-assign	51
ASSIGN	-	no	PARTNS	data-area	receives	https://www.ibm.com/docs/en/cics-ts/6.x?topic=summary-assign	51
ASSIGN	-	no	ASRASTG	cvda	receives	https://www.ibm.com/docs/en/cics-ts/6.x?topic=summary-assign	51
ASSIGN	-	no	PARTNSET	data-area	receives	https://www.ibm.com/docs/en/cics-ts/6.x?topic=summary-assign	51
ASSIGN	-	no	BRIDGE	data-area	receives	https://www.ibm.com/docs/en/cics-ts/6.x?topic=summary-assign	51
ASSIGN	-	no	PLATFORM	data-area	receives	https://www.ibm.com/docs/en/cics-ts/6.x?topic=summary-assign	51
ASSIGN	-	no	BTRANS	data-area	receives	https://www.ibm.com/docs/en/cics-ts/6.x?topic=summary-assign	51
ASSIGN	-	no	PRINSYSID	data-area	receives	https://www.ibm.com/docs/en/cics-ts/6.x?topic=summary-assign	51
ASSIGN	-	no	CHANNEL	data-area	receives	https://www.ibm.com/docs/en/cics-ts/6.x?topic=summary-assign	51
ASSIGN	-	no	PROCESS	data-area	receives	https://www.ibm.com/docs/en/cics-ts/6.x?topic=summary-assign	51
ASSIGN	-	no	CMDSEC	data-area	receives	https://www.ibm.com/docs/en/cics-ts/6.x?topic=summary-assign	51
ASSIGN	-	no	PROCESSTYPE	data-area	receives	https://www.ibm.com/docs/en/cics-ts/6.x?topic=summary-assign	51
ASSIGN	-	no	COLOR	data-area	receives	https://www.ibm.com/docs/en/cics-ts/6.x?topic=summary-assign	51
ASSIGN	-	no	PROGRAM	data-area	receives	https://www.ibm.com/docs/en/cics-ts/6.x?topic=summary-assign	51
ASSIGN	-	no	CWALENG	data-area	receives	https://www.ibm.com/docs/en/cics-ts/6.x?topic=summary-assign	51
ASSIGN	-	no	PS	data-area	receives	https://www.ibm.com/docs/en/cics-ts/6.x?topic=summary-assign	51
ASSIGN	-	no	DEFSCRNHT	data-area	receives	https://www.ibm.com/docs/en/cics-ts/6.x?topic=summary-assign	51
ASSIGN	-	no	QNAME	data-area	receives	https://www.ibm.com/docs/en/cics-ts/6.x?topic=summary-assign	51
ASSIGN	-	no	DEFSCRNWD	data-area	receives	https://www.ibm.com/docs/en/cics-ts/6.x?topic=summary-assign	51
ASSIGN	-	no	RESSEC	data-area	receives	https://www.ibm.com/docs/en/cics-ts/6.x?topic=summary-assign	51
ASSIGN	-	no	DELIMITER	data-area	receives	https://www.ibm.com/docs/en/cics-ts/6.x?topic=summary-assign	51
ASSIGN	-	no	RESTART	data-area	receives	https://www.ibm.com/docs/en/cics-ts/6.x?topic=summary-assign	51
ASSIGN	-	no	DESTCOUNT	data-area	receives	https://www.ibm.com/docs/en/cics-ts/6.x?topic=summary-assign	51
ASSIGN	-	no	RETURNPROG	data-area	receives	https://www.ibm.com/docs/en/cics-ts/6.x?topic=summary-assign	51
ASSIGN	-	no	DESTID	data-area	receives	https://www.ibm.com/docs/en/cics-ts/6.x?topic=summary-assign	51
ASSIGN	-	no	SCRNHT	data-area	receives	https://www.ibm.com/docs/en/cics-ts/6.x?topic=summary-assign	51
ASSIGN	-	no	DESTIDLENG	data-area	receives	https://www.ibm.com/docs/en/cics-ts/6.x?topic=summary-assign	51
ASSIGN	-	no	SCRNWD	data-area	receives	https://www.ibm.com/docs/en/cics-ts/6.x?topic=summary-assign	51
ASSIGN	-	no	DSSCS	data-area	receives	https://www.ibm.com/docs/en/cics-ts/6.x?topic=summary-assign	51
ASSIGN	-	no	SIGDATA	data-area	receives	https://www.ibm.com/docs/en/cics-ts/6.x?topic=summary-assign	51
ASSIGN	-	no	DS3270	data-area	receives	https://www.ibm.com/docs/en/cics-ts/6.x?topic=summary-assign	51
ASSIGN	-	no	SOSI	data-area	receives	https://www.ibm.com/docs/en/cics-ts/6.x?topic=summary-assign	51
ASSIGN	-	no	ERRORMSG	data-area	receives	https://www.ibm.com/docs/en/cics-ts/6.x?topic=summary-assign	51
ASSIGN	-	no	STARTCODE	data-area	receives	https://www.ibm.com/docs/en/cics-ts/6.x?topic=summary-assign	51
ASSIGN	-	no	ERRORMSGLEN	data-area	receives	https://www.ibm.com/docs/en/cics-ts/6.x?topic=summary-assign	51
ASSIGN	-	no	STATIONID	data-area	receives	https://www.ibm.com/docs/en/cics-ts/6.x?topic=summary-assign	51
ASSIGN	-	no	EWASUPP	data-area	receives	https://www.ibm.com/docs/en/cics-ts/6.x?topic=summary-assign	51
ASSIGN	-	no	SYSID	data-area	receives	https://www.ibm.com/docs/en/cics-ts/6.x?topic=summary-assign	51
ASSIGN	-	no	EXTDS	data-area	receives	https://www.ibm.com/docs/en/cics-ts/6.x?topic=summary-assign	51
ASSIGN	-	no	TASKPRIORITY	data-area	receives	https://www.ibm.com/docs/en/cics-ts/6.x?topic=summary-assign	51
ASSIGN	-	no	FACILITY	data-area	receives	https://www.ibm.com/docs/en/cics-ts/6.x?topic=summary-assign	51
ASSIGN	-	no	TCTUALENG	data-area	receives	https://www.ibm.com/docs/en/cics-ts/6.x?topic=summary-assign	51
ASSIGN	-	no	FCI	data-area	receives	https://www.ibm.com/docs/en/cics-ts/6.x?topic=summary-assign	51
ASSIGN	-	no	TELLERID	data-area	receives	https://www.ibm.com/docs/en/cics-ts/6.x?topic=summary-assign	51
ASSIGN	-	no	GCHARS	data-area	receives	https://www.ibm.com/docs/en/cics-ts/6.x?topic=summary-assign	51
ASSIGN	-	no	TERMCODE	data-area	receives	https://www.ibm.com/docs/en/cics-ts/6.x?topic=summary-assign	51
ASSIGN	-	no	GCODES	data-area	receives	https://www.ibm.com/docs/en/cics-ts/6.x?topic=summary-assign	51
ASSIGN	-	no	TERMPRIORITY	data-area	receives	https://www.ibm.com/docs/en/cics-ts/6.x?topic=summary-assign	51
ASSIGN	-	no	GMMI	data-area	receives	https://www.ibm.com/docs/en/cics-ts/6.x?topic=summary-assign	51
ASSIGN	-	no	TEXTKYBD	data-area	receives	https://www.ibm.com/docs/en/cics-ts/6.x?topic=summary-assign	51
ASSIGN	-	no	HILIGHT	data-area	receives	https://www.ibm.com/docs/en/cics-ts/6.x?topic=summary-assign	51
ASSIGN	-	no	TEXTPRINT	data-area	receives	https://www.ibm.com/docs/en/cics-ts/6.x?topic=summary-assign	51
ASSIGN	-	no	INITPARM	data-area	receives	https://www.ibm.com/docs/en/cics-ts/6.x?topic=summary-assign	51
ASSIGN	-	no	TRANPRIORITY	data-area	receives	https://www.ibm.com/docs/en/cics-ts/6.x?topic=summary-assign	51
ASSIGN	-	no	INITPARMLEN	data-area	receives	https://www.ibm.com/docs/en/cics-ts/6.x?topic=summary-assign	51
ASSIGN	-	no	TWALENG	data-area	receives	https://www.ibm.com/docs/en/cics-ts/6.x?topic=summary-assign	51
ASSIGN	-	no	INPARTN	data-area	receives	https://www.ibm.com/docs/en/cics-ts/6.x?topic=summary-assign	51
ASSIGN	-	no	UNATTEND	data-area	receives	https://www.ibm.com/docs/en/cics-ts/6.x?topic=summary-assign	51
ASSIGN	-	no	INPUTMSGLEN	data-area	receives	https://www.ibm.com/docs/en/cics-ts/6.x?topic=summary-assign	51
ASSIGN	-	no	USERID	data-area	receives	https://www.ibm.com/docs/en/cics-ts/6.x?topic=summary-assign	51
ASSIGN	-	no	INVOKINGPROG	data-area	receives	https://www.ibm.com/docs/en/cics-ts/6.x?topic=summary-assign	51
ASSIGN	-	no	USERNAME	data-area	receives	https://www.ibm.com/docs/en/cics-ts/6.x?topic=summary-assign	51
ASSIGN	-	no	KATAKANA	data-area	receives	https://www.ibm.com/docs/en/cics-ts/6.x?topic=summary-assign	51
ASSIGN	-	no	USERPRIORITY	data-area	receives	https://www.ibm.com/docs/en/cics-ts/6.x?topic=summary-assign	51
ASSIGN	-	no	LANGINUSE	data-area	receives	https://www.ibm.com/docs/en/cics-ts/6.x?topic=summary-assign	51
ASSIGN	-	no	VALIDATION	data-area	receives	https://www.ibm.com/docs/en/cics-ts/6.x?topic=summary-assign	51
ASSIGN	-	no	LDCMNEM	data-area	receives	https://www.ibm.com/docs/en/cics-ts/6.x?topic=summary-assign	51
ASSIGN	-	no	LDCNUM	data-area	receives	https://www.ibm.com/docs/en/cics-ts/6.x?topic=summary-assign	51
ASSIGN	-	no	LINKLEVEL	data-area	receives	https://www.ibm.com/docs/en/cics-ts/6.x?topic=summary-assign	51
ASSIGN	-	no	MAJORVERSION	data-area	receives	https://www.ibm.com/docs/en/cics-ts/6.x?topic=summary-assign	51
ASSIGN	-	no	MAPCOLUMN	data-area	receives	https://www.ibm.com/docs/en/cics-ts/6.x?topic=summary-assign	51
ASSIGN	-	no	MAPHEIGHT	data-area	receives	https://www.ibm.com/docs/en/cics-ts/6.x?topic=summary-assign	51
BIF DEEDIT	DEEDIT	no	FIELD	data-area	both	https://www.ibm.com/docs/en/cics-ts/6.x?topic=summary-bif-deedit	67
BIF DEEDIT	DEEDIT	no	LENGTH	data-value	sends	https://www.ibm.com/docs/en/cics-ts/6.x?topic=summary-bif-deedit	67
CANCEL	-	no	REQID	name	sends	https://www.ibm.com/docs/en/cics-ts/6.x?topic=summary-cancel	77
CANCEL	-	no	SYSID	systemname	sends	https://www.ibm.com/docs/en/cics-ts/6.x?topic=summary-cancel	77
CANCEL	-	no	TRANSID	name	sends	https://www.ibm.com/docs/en/cics-ts/6.x?topic=summary-cancel	77
DEFINE COUNTER	COUNTER DCOUNTER	no	COUNTER	name	sends	https://www.ibm.com/docs/en/cics-ts/6.x?topic=summary-define-counter-define-dcounter	134
DEFINE COUNTER	COUNTER DCOUNTER	no	POOL	name	sends	https://www.ibm.com/docs/en/cics-ts/6.x?topic=summary-define-counter-define-dcounter	134
DEFINE COUNTER	COUNTER DCOUNTER	no	VALUE	data-value	sends	https://www.ibm.com/docs/en/cics-ts/6.x?topic=summary-define-counter-define-dcounter	134
DEFINE COUNTER	COUNTER DCOUNTER	no	MINIMUM	data-value	sends	https://www.ibm.com/docs/en/cics-ts/6.x?topic=summary-define-counter-define-dcounter	134
DEFINE COUNTER	COUNTER DCOUNTER	no	MAXIMUM	data-value	sends	https://www.ibm.com/docs/en/cics-ts/6.x?topic=summary-define-counter-define-dcounter	134
DELAY	-	no	INTERVAL	hhmmss	sends	https://www.ibm.com/docs/en/cics-ts/6.x?topic=summary-delay	145
DELAY	-	no	TIME	hhmmss	sends	https://www.ibm.com/docs/en/cics-ts/6.x?topic=summary-delay	145
DELAY	-	no	REQID	name	sends	https://www.ibm.com/docs/en/cics-ts/6.x?topic=summary-delay	145
DELAY	-	no	HOURS	data-value	sends	https://www.ibm.com/docs/en/cics-ts/6.x?topic=summary-delay	145
DELAY	-	no	MINUTES	data-value	sends	https://www.ibm.com/docs/en/cics-ts/6.x?topic=summary-delay	145
DELAY	-	no	SECONDS	data-value	sends	https://www.ibm.com/docs/en/cics-ts/6.x?topic=summary-delay	145
DELAY	-	no	MILLISECS	data-value	sends	https://www.ibm.com/docs/en/cics-ts/6.x?topic=summary-delay	145
DELETE	-	no	FILE	filename	sends	https://www.ibm.com/docs/en/cics-ts/6.x?topic=summary-delete	148
DELETE	-	no	TOKEN	data-area	sends	https://www.ibm.com/docs/en/cics-ts/6.x?topic=summary-delete	148
DELETE	-	no	RIDFLD	data-area	sends	https://www.ibm.com/docs/en/cics-ts/6.x?topic=summary-delete	148
DELETE	-	no	KEYLENGTH	data-value	sends	https://www.ibm.com/docs/en/cics-ts/6.x?topic=summary-delete	148
DELETE	-	no	NUMREC	data-area	receives	https://www.ibm.com/docs/en/cics-ts/6.x?topic=summary-delete	148
DELETE	-	no	SYSID	systemname	sends	https://www.ibm.com/docs/en/cics-ts/6.x?topic=summary-delete	148
DELETE CONTAINER	CONTAINER	no	CONTAINER	data-value	sends	https://www.ibm.com/docs/en/cics-ts/6.x?topic=summary-delete-container-channel	162
DELETE CONTAINER	CONTAINER	no	CHANNEL	data-value	sends	https://www.ibm.com/docs/en/cics-ts/6.x?topic=summary-delete-container-channel	162
DELETE COUNTER	COUNTER DCOUNTER	no	COUNTER	name	sends	https://www.ibm.com/docs/en/cics-ts/6.x?topic=summary-delete-counter-delete-dcounter	163
DELETE COUNTER	COUNTER DCOUNTER	no	POOL	name	sends	https://www.ibm.com/docs/en/cics-ts/6.x?topic=summary-delete-counter-delete-dcounter	163
DELETEQ TD	TD	no	QUEUE	name	sends	https://www.ibm.com/docs/en/cics-ts/6.x?topic=summary-deleteq-td	167
DELETEQ TD	TD	no	SYSID	systemname	sends	https://www.ibm.com/docs/en/cics-ts/6.x?topic=summary-deleteq-td	167
DELETEQ TS	TS	yes	QUEUE	name	sends	https://www.ibm.com/docs/en/cics-ts/6.x?topic=summary-deleteq-ts	169
DELETEQ TS	TS	yes	QNAME	name	sends	https://www.ibm.com/docs/en/cics-ts/6.x?topic=summary-deleteq-ts	169
DELETEQ TS	TS	yes	SYSID	systemname	sends	https://www.ibm.com/docs/en/cics-ts/6.x?topic=summary-deleteq-ts	169
DEQ	-	no	RESOURCE	data-area	sends	https://www.ibm.com/docs/en/cics-ts/6.x?topic=summary-deq	171
DEQ	-	no	LENGTH	data-value	sends	https://www.ibm.com/docs/en/cics-ts/6.x?topic=summary-deq	171
DEQ	-	no	MAXLIFETIME	cvda	sends	https://www.ibm.com/docs/en/cics-ts/6.x?topic=summary-deq	171
DUMP TRANSACTION	TRANSACTION	no	DUMPCODE	name	sends	https://www.ibm.com/docs/en/cics-ts/6.x?topic=summary-dump-transaction	187
DUMP TRANSACTION	TRANSACTION	no	FROM	data-area	sends	https://www.ibm.com/docs/en/cics-ts/6.x?topic=summary-dump-transaction	187
DUMP TRANSACTION	TRANSACTION	no	LENGTH	data-value	sends	https://www.ibm.com/docs/en/cics-ts/6.x?topic=summary-dump-transaction	187
DUMP TRANSACTION	TRANSACTION	no	FLENGTH	data-value	sends	https://www.ibm.com/docs/en/cics-ts/6.x?topic=summary-dump-transaction	187
DUMP TRANSACTION	TRANSACTION	no	SEGMENTLIST	data-area	sends	https://www.ibm.com/docs/en/cics-ts/6.x?topic=summary-dump-transaction	187
DUMP TRANSACTION	TRANSACTION	no	LENGTHLIST	data-area	sends	https://www.ibm.com/docs/en/cics-ts/6.x?topic=summary-dump-transaction	187
DUMP TRANSACTION	TRANSACTION	no	NUMSEGMENTS	data-area	sends	https://www.ibm.com/docs/en/cics-ts/6.x?topic=summary-dump-transaction	187
DUMP TRANSACTION	TRANSACTION	no	DUMPID	data-area	receives	https://www.ibm.com/docs/en/cics-ts/6.x?topic=summary-dump-transaction	187
ENDBR	-	no	FILE	filename	sends	https://www.ibm.com/docs/en/cics-ts/6.x?topic=summary-endbr	192
ENDBR	-	no	REQID	data-value	sends	https://www.ibm.com/docs/en/cics-ts/6.x?topic=summary-endbr	192
ENDBR	-	no	SYSID	systemname	sends	https://www.ibm.com/docs/en/cics-ts/6.x?topic=summary-endbr	192
ENQ	-	no	RESOURCE	data-area	sends	https://www.ibm.com/docs/en/cics-ts/6.x?topic=summary-enq	199
ENQ	-	no	LENGTH	data-value	sends	https://www.ibm.com/docs/en/cics-ts/6.x?topic=summary-enq	199
ENQ	-	no	MAXLIFETIME	cvda	sends	https://www.ibm.com/docs/en/cics-ts/6.x?topic=summary-enq	199
ENTER TRACENUM	TRACENUM	no	TRACENUM	data-value	sends	https://www.ibm.com/docs/en/cics-ts/6.x?topic=summary-enter-tracenum	202
ENTER TRACENUM	TRACENUM	no	FROM	data-area	sends	https://www.ibm.com/docs/en/cics-ts/6.x?topic=summary-enter-tracenum	202
ENTER TRACENUM	TRACENUM	no	RESOURCE	name	sends	https://www.ibm.com/docs/en/cics-ts/6.x?topic=summary-enter-tracenum	202
ENTER TRACENUM	TRACENUM	no	FROMLENGTH	data-area	sends	https://www.ibm.com/docs/en/cics-ts/6.x?topic=summary-enter-tracenum	202
FORMATTIME	-	no	DATESTRING	data-area	receives	https://www.ibm.com/docs/en/cics-ts/6.x?topic=summary-formattime	234
FORMATTIME	-	no	ABSTIME	data-area	sends	https://www.ibm.com/docs/en/cics-ts/6.x?topic=summary-formattime	234
FORMATTIME	-	no	DATE	data-area	receives	https://www.ibm.com/docs/en/cics-ts/6.x?topic=summary-formattime	234
FORMATTIME	-	no	FULLDATE	data-area	receives	https://www.ibm.com/docs/en/cics-ts/6.x?topic=summary-formattime	234
FORMATTIME	-	no	DATEFORM	data-area	receives	https://www.ibm.com/docs/en/cics-ts/6.x?topic=summary-formattime	234
FORMATTIME	-	no	DATESEP	data-value	sends	https://www.ibm.com/docs/en/cics-ts/6.x?topic=summary-formattime	234
FORMATTIME	-	no	DAYCOUNT	data-area	receives	https://www.ibm.com/docs/en/cics-ts/6.x?topic=summary-formattime	234
FORMATTIME	-	no	STRINGZONE	cvda	sends	https://www.ibm.com/docs/en/cics-ts/6.x?topic=summary-formattime	234
FORMATTIME	-	no	DAYOFMONTH	data-area	receives	https://www.ibm.com/docs/en/cics-ts/6.x?topic=summary-formattime	234
FORMATTIME	-	no	DAYOFWEEK	data-area	receives	https://www.ibm.com/docs/en/cics-ts/6.x?topic=summary-formattime	234
FORMATTIME	-	no	DDMMYY	data-area	receives	https://www.ibm.com/docs/en/cics-ts/6.x?topic=summary-formattime	234
FORMATTIME	-	no	DDMMYYYY	data-area	receives	https://www.ibm.com/docs/en/cics-ts/6.x?topic=summary-formattime	234
FORMATTIME	-	no	MILLISECONDS	data-area	receives	https://www.ibm.com/docs/en/cics-ts/6.x?topic=summary-formattime	234
FORMATTIME	-	no	MMDDYY	data-area	receives	https://www.ibm.com/docs/en/cics-ts/6.x?topic=summary-formattime	234
FORMATTIME	-	no	MMDDYYYY	data-area	receives	https://www.ibm.com/docs/en/cics-ts/6.x?topic=summary-formattime	234
FORMATTIME	-	no	MONTHOFYEAR	data-area	receives	https://www.ibm.com/docs/en/cics-ts/6.x?topic=summary-formattime	234
FORMATTIME	-	no	STRINGFORMAT	cvda	sends	https://www.ibm.com/docs/en/cics-ts/6.x?topic=summary-formattime	234
FORMATTIME	-	no	TIME	data-area	receives	https://www.ibm.com/docs/en/cics-ts/6.x?topic=summary-formattime	234
FORMATTIME	-	no	YEAR	data-area	receives	https://www.ibm.com/docs/en/cics-ts/6.x?topic=summary-formattime	234
FORMATTIME	-	no	YYDDD	data-area	receives	https://www.ibm.com/docs/en/cics-ts/6.x?topic=summary-formattime	234
FORMATTIME	-	no	TIMESEP	data-value	sends	https://www.ibm.com/docs/en/cics-ts/6.x?topic=summary-formattime	234
FORMATTIME	-	no	YYDDMM	data-area	receives	https://www.ibm.com/docs/en/cics-ts/6.x?topic=summary-formattime	234
FORMATTIME	-	no	YYMMDD	data-area	receives	https://www.ibm.com/docs/en/cics-ts/6.x?topic=summary-formattime	234
FORMATTIME	-	no	YYYYDDD	data-area	receives	https://www.ibm.com/docs/en/cics-ts/6.x?topic=summary-formattime	234
FORMATTIME	-	no	YYYYDDMM	data-area	receives	https://www.ibm.com/docs/en/cics-ts/6.x?topic=summary-formattime	234
FORMATTIME	-	no	YYYYMMDD	data-area	receives	https://www.ibm.com/docs/en/cics-ts/6.x?topic=summary-formattime	234
FREEMAIN	-	no	DATA	data-area	sends	https://www.ibm.com/docs/en/cics-ts/6.x?topic=summary-freemain	245
FREEMAIN	-	no	DATAPOINTER	ptr-value	sends	https://www.ibm.com/docs/en/cics-ts/6.x?topic=summary-freemain	245
GET CONTAINER	CONTAINER	no	CONTAINER	data-value	sends	https://www.ibm.com/docs/en/cics-ts/6.x?topic=summary-get-container-channel	284
GET CONTAINER	CONTAINER	no	CHANNEL	data-value	sends	https://www.ibm.com/docs/en/cics-ts/6.x?topic=summary-get-container-channel	284
GET CONTAINER	CONTAINER	no	INTO	data-area	receives	https://www.ibm.com/docs/en/cics-ts/6.x?topic=summary-get-container-channel	284
GET CONTAINER	CONTAINER	no	FLENGTH	data-area	both	https://www.ibm.com/docs/en/cics-ts/6.x?topic=summary-get-container-channel	284
GET CONTAINER	CONTAINER	no	SET	ptr-ref	receives	https://www.ibm.com/docs/en/cics-ts/6.x?topic=summary-get-container-channel	284
GET CONTAINER	CONTAINER	no	BYTEOFFSET	data-value	sends	https://www.ibm.com/docs/en/cics-ts/6.x?topic=summary-get-container-channel	284
GET CONTAINER	CONTAINER	no	INTOCCSID	data-value	sends	https://www.ibm.com/docs/en/cics-ts/6.x?topic=summary-get-container-channel	284
GET CONTAINER	CONTAINER	no	INTOCODEPAGE	data-value	sends	https://www.ibm.com/docs/en/cics-ts/6.x?topic=summary-get-container-channel	284
GET CONTAINER	CONTAINER	no	CONVERTST	cvda	sends	https://www.ibm.com/docs/en/cics-ts/6.x?topic=summary-get-container-channel	284
GET CONTAINER	CONTAINER	no	CCSID	data-area	receives	https://www.ibm.com/docs/en/cics-ts/6.x?topic=summary-get-container-channel	284
GET COUNTER	COUNTER DCOUNTER	no	COUNTER	name	sends	https://www.ibm.com/docs/en/cics-ts/6.x?topic=summary-get-counter-get-dcounter	289
GET COUNTER	COUNTER DCOUNTER	no	VALUE	data-area	receives	https://www.ibm.com/docs/en/cics-ts/6.x?topic=summary-get-counter-get-dcounter	289
GET COUNTER	COUNTER DCOUNTER	no	POOL	name	sends	https://www.ibm.com/docs/en/cics-ts/6.x?topic=summary-get-counter-get-dcounter	289
GET COUNTER	COUNTER DCOUNTER	no	INCREMENT	data-value	sends	https://www.ibm.com/docs/en/cics-ts/6.x?topic=summary-get-counter-get-dcounter	289
GET COUNTER	COUNTER DCOUNTER	no	COMPAREMIN	data-value	sends	https://www.ibm.com/docs/en/cics-ts/6.x?topic=summary-get-counter-get-dcounter	289
GET COUNTER	COUNTER DCOUNTER	no	COMPAREMAX	data-value	sends	https://www.ibm.com/docs/en/cics-ts/6.x?topic=summary-get-counter-get-dcounter	289
GETMAIN	-	no	SET	ptr-ref	receives	https://www.ibm.com/docs/en/cics-ts/6.x?topic=summary-getmain	294
GETMAIN	-	no	FLENGTH	data-value	sends	https://www.ibm.com/docs/en/cics-ts/6.x?topic=summary-getmain	294
GETMAIN	-	no	LENGTH	data-value	sends	https://www.ibm.com/docs/en/cics-ts/6.x?topic=summary-getmain	294
GETMAIN	-	no	INITIMG	data-value	sends	https://www.ibm.com/docs/en/cics-ts/6.x?topic=summary-getmain	294
HANDLE ABEND	ABEND	no	PROGRAM	name	sends	https://www.ibm.com/docs/en/cics-ts/6.x?topic=summary-handle-abend	314
HANDLE ABEND	ABEND	no	LABEL	label	label	https://www.ibm.com/docs/en/cics-ts/6.x?topic=summary-handle-abend	314
HANDLE AID	AID	no	*	label	label	https://www.ibm.com/docs/en/cics-ts/6.x?topic=summary-handle-aid	316
HANDLE CONDITION	CONDITION	no	*	label	label	https://www.ibm.com/docs/en/cics-ts/6.x?topic=summary-handle-condition	318
IGNORE CONDITION	CONDITION	no	*	-	-	https://www.ibm.com/docs/en/cics-ts/6.x?topic=summary-ignore-condition	320
LINK	-	no	PROGRAM	name	sends	https://www.ibm.com/docs/en/cics-ts/6.x?topic=summary-link	389
LINK	-	no	COMMAREA	data-area	both	https://www.ibm.com/docs/en/cics-ts/6.x?topic=summary-link	389
LINK	-	no	CHANNEL	name	sends	https://www.ibm.com/docs/en/cics-ts/6.x?topic=summary-link	389
LINK	-	no	LENGTH	data-value	sends	https://www.ibm.com/docs/en/cics-ts/6.x?topic=summary-link	389
LINK	-	no	DATALENGTH	data-value	sends	https://www.ibm.com/docs/en/cics-ts/6.x?topic=summary-link	389
LINK	-	no	INPUTMSG	data-area	sends	https://www.ibm.com/docs/en/cics-ts/6.x?topic=summary-link	389
LINK	-	no	INPUTMSGLEN	data-value	sends	https://www.ibm.com/docs/en/cics-ts/6.x?topic=summary-link	389
LINK	-	no	SYSID	systemname	sends	https://www.ibm.com/docs/en/cics-ts/6.x?topic=summary-link	389
LINK	-	no	TRANSID	name	sends	https://www.ibm.com/docs/en/cics-ts/6.x?topic=summary-link	389
LOAD	-	no	PROGRAM	name	sends	https://www.ibm.com/docs/en/cics-ts/6.x?topic=summary-load	405
LOAD	-	no	SET	ptr-ref	receives	https://www.ibm.com/docs/en/cics-ts/6.x?topic=summary-load	405
LOAD	-	no	LENGTH	data-area	receives	https://www.ibm.com/docs/en/cics-ts/6.x?topic=summary-load	405
LOAD	-	no	FLENGTH	data-area	receives	https://www.ibm.com/docs/en/cics-ts/6.x?topic=summary-load	405
LOAD	-	no	ENTRY	ptr-ref	receives	https://www.ibm.com/docs/en/cics-ts/6.x?topic=summary-load	405
POP HANDLE	HANDLE	no	-	-	-	https://www.ibm.com/docs/en/cics-ts/6.x?topic=summary-pop-handle	418
PURGE MESSAGE	MESSAGE	no	-	-	-	https://www.ibm.com/docs/en/cics-ts/6.x?topic=summary-purge-message	423
PUSH HANDLE	HANDLE	no	-	-	-	https://www.ibm.com/docs/en/cics-ts/6.x?topic=summary-push-handle	424
PUT CONTAINER	CONTAINER	no	CONTAINER	data-value	sends	https://www.ibm.com/docs/en/cics-ts/6.x?topic=summary-put-container-channel	428
PUT CONTAINER	CONTAINER	no	FROM	data-area	sends	https://www.ibm.com/docs/en/cics-ts/6.x?topic=summary-put-container-channel	428
PUT CONTAINER	CONTAINER	no	CHANNEL	data-value	sends	https://www.ibm.com/docs/en/cics-ts/6.x?topic=summary-put-container-channel	428
PUT CONTAINER	CONTAINER	no	FLENGTH	data-value	sends	https://www.ibm.com/docs/en/cics-ts/6.x?topic=summary-put-container-channel	428
PUT CONTAINER	CONTAINER	no	DATATYPE	cvda	sends	https://www.ibm.com/docs/en/cics-ts/6.x?topic=summary-put-container-channel	428
PUT CONTAINER	CONTAINER	no	FROMCCSID	data-value	sends	https://www.ibm.com/docs/en/cics-ts/6.x?topic=summary-put-container-channel	428
PUT CONTAINER	CONTAINER	no	FROMCODEPAGE	data-value	sends	https://www.ibm.com/docs/en/cics-ts/6.x?topic=summary-put-container-channel	428
QUERY COUNTER	COUNTER DCOUNTER	no	COUNTER	name	sends	https://www.ibm.com/docs/en/cics-ts/6.x?topic=summary-query-counter-query-dcounter	437
QUERY COUNTER	COUNTER DCOUNTER	no	POOL	name	sends	https://www.ibm.com/docs/en/cics-ts/6.x?topic=summary-query-counter-query-dcounter	437
QUERY COUNTER	COUNTER DCOUNTER	no	VALUE	data-area	receives	https://www.ibm.com/docs/en/cics-ts/6.x?topic=summary-query-counter-query-dcounter	437
QUERY COUNTER	COUNTER DCOUNTER	no	MINIMUM	data-area	receives	https://www.ibm.com/docs/en/cics-ts/6.x?topic=summary-query-counter-query-dcounter	437
QUERY COUNTER	COUNTER DCOUNTER	no	MAXIMUM	data-area	receives	https://www.ibm.com/docs/en/cics-ts/6.x?topic=summary-query-counter-query-dcounter	437
READ	-	no	FILE	filename	sends	https://www.ibm.com/docs/en/cics-ts/6.x?topic=summary-read	444
READ	-	no	INTO	data-area	receives	https://www.ibm.com/docs/en/cics-ts/6.x?topic=summary-read	444
READ	-	no	SET	ptr-ref	receives	https://www.ibm.com/docs/en/cics-ts/6.x?topic=summary-read	444
READ	-	no	TOKEN	data-area	receives	https://www.ibm.com/docs/en/cics-ts/6.x?topic=summary-read	444
READ	-	no	RIDFLD	data-area	both	https://www.ibm.com/docs/en/cics-ts/6.x?topic=summary-read	444
READ	-	no	KEYLENGTH	data-value	sends	https://www.ibm.com/docs/en/cics-ts/6.x?topic=summary-read	444
READ	-	no	SYSID	systemname	sends	https://www.ibm.com/docs/en/cics-ts/6.x?topic=summary-read	444
READ	-	no	LENGTH	data-area	both	https://www.ibm.com/docs/en/cics-ts/6.x?topic=summary-read	444
READNEXT	-	no	FILE	filename	sends	https://www.ibm.com/docs/en/cics-ts/6.x?topic=summary-readnext	456
READNEXT	-	no	INTO	data-area	receives	https://www.ibm.com/docs/en/cics-ts/6.x?topic=summary-readnext	456
READNEXT	-	no	SET	ptr-ref	receives	https://www.ibm.com/docs/en/cics-ts/6.x?topic=summary-readnext	456
READNEXT	-	no	TOKEN	data-area	receives	https://www.ibm.com/docs/en/cics-ts/6.x?topic=summary-readnext	456
READNEXT	-	no	RIDFLD	data-area	both	https://www.ibm.com/docs/en/cics-ts/6.x?topic=summary-readnext	456
READNEXT	-	no	KEYLENGTH	data-value	sends	https://www.ibm.com/docs/en/cics-ts/6.x?topic=summary-readnext	456
READNEXT	-	no	REQID	data-value	sends	https://www.ibm.com/docs/en/cics-ts/6.x?topic=summary-readnext	456
READNEXT	-	no	SYSID	systemname	sends	https://www.ibm.com/docs/en/cics-ts/6.x?topic=summary-readnext	456
READNEXT	-	no	LENGTH	data-area	both	https://www.ibm.com/docs/en/cics-ts/6.x?topic=summary-readnext	456
READPREV	-	no	FILE	filename	sends	https://www.ibm.com/docs/en/cics-ts/6.x?topic=summary-readprev	467
READPREV	-	no	INTO	data-area	receives	https://www.ibm.com/docs/en/cics-ts/6.x?topic=summary-readprev	467
READPREV	-	no	SET	ptr-ref	receives	https://www.ibm.com/docs/en/cics-ts/6.x?topic=summary-readprev	467
READPREV	-	no	TOKEN	data-area	receives	https://www.ibm.com/docs/en/cics-ts/6.x?topic=summary-readprev	467
READPREV	-	no	RIDFLD	data-area	both	https://www.ibm.com/docs/en/cics-ts/6.x?topic=summary-readprev	467
READPREV	-	no	KEYLENGTH	data-value	sends	https://www.ibm.com/docs/en/cics-ts/6.x?topic=summary-readprev	467
READPREV	-	no	REQID	data-value	sends	https://www.ibm.com/docs/en/cics-ts/6.x?topic=summary-readprev	467
READPREV	-	no	LENGTH	data-area	both	https://www.ibm.com/docs/en/cics-ts/6.x?topic=summary-readprev	467
READPREV	-	no	SYSID	systemname	sends	https://www.ibm.com/docs/en/cics-ts/6.x?topic=summary-readprev	467
READQ TD	TD	no	QUEUE	name	sends	https://www.ibm.com/docs/en/cics-ts/6.x?topic=summary-readq-td	477
READQ TD	TD	no	INTO	data-area	receives	https://www.ibm.com/docs/en/cics-ts/6.x?topic=summary-readq-td	477
READQ TD	TD	no	SET	ptr-ref	receives	https://www.ibm.com/docs/en/cics-ts/6.x?topic=summary-readq-td	477
READQ TD	TD	no	LENGTH	data-area	both	https://www.ibm.com/docs/en/cics-ts/6.x?topic=summary-readq-td	477
READQ TD	TD	no	SYSID	systemname	sends	https://www.ibm.com/docs/en/cics-ts/6.x?topic=summary-readq-td	477
READQ TS	TS	yes	QUEUE	name	sends	https://www.ibm.com/docs/en/cics-ts/6.x?topic=summary-readq-ts	481
READQ TS	TS	yes	QNAME	name	sends	https://www.ibm.com/docs/en/cics-ts/6.x?topic=summary-readq-ts	481
READQ TS	TS	yes	INTO	data-area	receives	https://www.ibm.com/docs/en/cics-ts/6.x?topic=summary-readq-ts	481
READQ TS	TS	yes	SET	ptr-ref	receives	https://www.ibm.com/docs/en/cics-ts/6.x?topic=summary-readq-ts	481
READQ TS	TS	yes	LENGTH	data-area	both	https://www.ibm.com/docs/en/cics-ts/6.x?topic=summary-readq-ts	481
READQ TS	TS	yes	NUMITEMS	data-area	receives	https://www.ibm.com/docs/en/cics-ts/6.x?topic=summary-readq-ts	481
READQ TS	TS	yes	ITEM	data-value	sends	https://www.ibm.com/docs/en/cics-ts/6.x?topic=summary-readq-ts	481
READQ TS	TS	yes	SYSID	systemname	sends	https://www.ibm.com/docs/en/cics-ts/6.x?topic=summary-readq-ts	481
RECEIVE	-	no	INTO	data-area	receives	https://www.ibm.com/docs/en/cics-ts/6.x?topic=summary-receive-zos-communications-server-default	485
RECEIVE	-	no	SET	ptr-ref	receives	https://www.ibm.com/docs/en/cics-ts/6.x?topic=summary-receive-zos-communications-server-default	485
RECEIVE	-	no	LENGTH	data-area	both	https://www.ibm.com/docs/en/cics-ts/6.x?topic=summary-receive-zos-communications-server-default	485
RECEIVE	-	no	FLENGTH	data-area	both	https://www.ibm.com/docs/en/cics-ts/6.x?topic=summary-receive-zos-communications-server-default	485
RECEIVE	-	no	MAXLENGTH	data-value	sends	https://www.ibm.com/docs/en/cics-ts/6.x?topic=summary-receive-zos-communications-server-default	485
RECEIVE	-	no	MAXFLENGTH	data-value	sends	https://www.ibm.com/docs/en/cics-ts/6.x?topic=summary-receive-zos-communications-server-default	485
RECEIVE MAP	MAP	no	MAP	name	sends	https://www.ibm.com/docs/en/cics-ts/6.x?topic=summary-receive-map	513
RECEIVE MAP	MAP	no	MAPSET	name	sends	https://www.ibm.com/docs/en/cics-ts/6.x?topic=summary-receive-map	513
RECEIVE MAP	MAP	no	INTO	data-area	receives	https://www.ibm.com/docs/en/cics-ts/6.x?topic=summary-receive-map	513
RECEIVE MAP	MAP	no	SET	ptr-ref	receives	https://www.ibm.com/docs/en/cics-ts/6.x?topic=summary-receive-map	513
RECEIVE MAP	MAP	no	FROM	data-area	sends	https://www.ibm.com/docs/en/cics-ts/6.x?topic=summary-receive-map	513
RECEIVE MAP	MAP	no	LENGTH	data-value	sends	https://www.ibm.com/docs/en/cics-ts/6.x?topic=summary-receive-map	513
RECEIVE MAP	MAP	no	INPARTN	name	sends	https://www.ibm.com/docs/en/cics-ts/6.x?topic=summary-receive-map	513
RELEASE	-	no	PROGRAM	name	sends	https://www.ibm.com/docs/en/cics-ts/6.x?topic=summary-release	523
RESETBR	-	no	FILE	filename	sends	https://www.ibm.com/docs/en/cics-ts/6.x?topic=summary-resetbr	532
RESETBR	-	no	RIDFLD	data-area	sends	https://www.ibm.com/docs/en/cics-ts/6.x?topic=summary-resetbr	532
RESETBR	-	no	KEYLENGTH	data-value	sends	https://www.ibm.com/docs/en/cics-ts/6.x?topic=summary-resetbr	532
RESETBR	-	no	REQID	data-value	sends	https://www.ibm.com/docs/en/cics-ts/6.x?topic=summary-resetbr	532
RESETBR	-	no	SYSID	systemname	sends	https://www.ibm.com/docs/en/cics-ts/6.x?topic=summary-resetbr	532
RETRIEVE	-	no	INTO	data-area	receives	https://www.ibm.com/docs/en/cics-ts/6.x?topic=summary-retrieve	539
RETRIEVE	-	no	SET	ptr-ref	receives	https://www.ibm.com/docs/en/cics-ts/6.x?topic=summary-retrieve	539
RETRIEVE	-	no	LENGTH	data-area	both	https://www.ibm.com/docs/en/cics-ts/6.x?topic=summary-retrieve	539
RETRIEVE	-	no	RTRANSID	data-area	receives	https://www.ibm.com/docs/en/cics-ts/6.x?topic=summary-retrieve	539
RETRIEVE	-	no	RTERMID	data-area	receives	https://www.ibm.com/docs/en/cics-ts/6.x?topic=summary-retrieve	539
RETRIEVE	-	no	QUEUE	data-area	receives	https://www.ibm.com/docs/en/cics-ts/6.x?topic=summary-retrieve	539
RETURN	-	no	TRANSID	name	sends	https://www.ibm.com/docs/en/cics-ts/6.x?topic=summary-return	547
RETURN	-	no	COMMAREA	data-area	sends	https://www.ibm.com/docs/en/cics-ts/6.x?topic=summary-return	547
RETURN	-	no	LENGTH	data-value	sends	https://www.ibm.com/docs/en/cics-ts/6.x?topic=summary-return	547
RETURN	-	no	CHANNEL	name	sends	https://www.ibm.com/docs/en/cics-ts/6.x?topic=summary-return	547
RETURN	-	no	INPUTMSG	data-area	sends	https://www.ibm.com/docs/en/cics-ts/6.x?topic=summary-return	547
RETURN	-	no	INPUTMSGLEN	data-value	sends	https://www.ibm.com/docs/en/cics-ts/6.x?topic=summary-return	547
REWIND COUNTER	COUNTER DCOUNTER	no	COUNTER	name	sends	https://www.ibm.com/docs/en/cics-ts/6.x?topic=summary-rewind-counter-rewind-dcounter	551
REWIND COUNTER	COUNTER DCOUNTER	no	POOL	name	sends	https://www.ibm.com/docs/en/cics-ts/6.x?topic=summary-rewind-counter-rewind-dcounter	551
REWIND COUNTER	COUNTER DCOUNTER	no	INCREMENT	data-value	sends	https://www.ibm.com/docs/en/cics-ts/6.x?topic=summary-rewind-counter-rewind-dcounter	551
REWRITE	-	no	FILE	filename	sends	https://www.ibm.com/docs/en/cics-ts/6.x?topic=summary-rewrite	554
REWRITE	-	no	FROM	data-area	sends	https://www.ibm.com/docs/en/cics-ts/6.x?topic=summary-rewrite	554
REWRITE	-	no	TOKEN	data-area	sends	https://www.ibm.com/docs/en/cics-ts/6.x?topic=summary-rewrite	554
REWRITE	-	no	SYSID	systemname	sends	https://www.ibm.com/docs/en/cics-ts/6.x?topic=summary-rewrite	554
REWRITE	-	no	LENGTH	data-value	sends	https://www.ibm.com/docs/en/cics-ts/6.x?topic=summary-rewrite	554
SEND	-	no	FROM	data-area	sends	https://www.ibm.com/docs/en/cics-ts/6.x?topic=summary-send-zos-communications-server-default	568
SEND	-	no	LENGTH	data-value	sends	https://www.ibm.com/docs/en/cics-ts/6.x?topic=summary-send-zos-communications-server-default	568
SEND	-	no	FLENGTH	data-value	sends	https://www.ibm.com/docs/en/cics-ts/6.x?topic=summary-send-zos-communications-server-default	568
SEND CONTROL	CONTROL	no	CURSOR	data-value	sends	https://www.ibm.com/docs/en/cics-ts/6.x?topic=summary-send-control	600
SEND CONTROL	CONTROL	no	MSR	data-value	sends	https://www.ibm.com/docs/en/cics-ts/6.x?topic=summary-send-control	600
SEND CONTROL	CONTROL	no	OUTPARTN	name	sends	https://www.ibm.com/docs/en/cics-ts/6.x?topic=summary-send-control	600
SEND CONTROL	CONTROL	no	ACTPARTN	name	sends	https://www.ibm.com/docs/en/cics-ts/6.x?topic=summary-send-control	600
SEND CONTROL	CONTROL	no	LDC	name	sends	https://www.ibm.com/docs/en/cics-ts/6.x?topic=summary-send-control	600
SEND CONTROL	CONTROL	no	SET	ptr-ref	receives	https://www.ibm.com/docs/en/cics-ts/6.x?topic=summary-send-control	600
SEND CONTROL	CONTROL	no	REQID	name	sends	https://www.ibm.com/docs/en/cics-ts/6.x?topic=summary-send-control	600
SEND MAP	MAP	no	MAP	name	sends	https://www.ibm.com/docs/en/cics-ts/6.x?topic=summary-send-map	605
SEND MAP	MAP	no	MAPSET	name	sends	https://www.ibm.com/docs/en/cics-ts/6.x?topic=summary-send-map	605
SEND MAP	MAP	no	FROM	data-area	sends	https://www.ibm.com/docs/en/cics-ts/6.x?topic=summary-send-map	605
SEND MAP	MAP	no	LENGTH	data-value	sends	https://www.ibm.com/docs/en/cics-ts/6.x?topic=summary-send-map	605
SEND MAP	MAP	no	MSR	data-value	sends	https://www.ibm.com/docs/en/cics-ts/6.x?topic=summary-send-map	605
SEND MAP	MAP	no	FMHPARM	name	sends	https://www.ibm.com/docs/en/cics-ts/6.x?topic=summary-send-map	605
SEND MAP	MAP	no	OUTPARTN	name	sends	https://www.ibm.com/docs/en/cics-ts/6.x?topic=summary-send-map	605
SEND MAP	MAP	no	ACTPARTN	name	sends	https://www.ibm.com/docs/en/cics-ts/6.x?topic=summary-send-map	605
SEND MAP	MAP	no	LDC	name	sends	https://www.ibm.com/docs/en/cics-ts/6.x?topic=summary-send-map	605
SEND MAP	MAP	no	SET	ptr-ref	receives	https://www.ibm.com/docs/en/cics-ts/6.x?topic=summary-send-map	605
SEND MAP	MAP	no	REQID	name	sends	https://www.ibm.com/docs/en/cics-ts/6.x?topic=summary-send-map	605
SEND MAP	MAP	no	CURSOR	data-value	sends	https://www.ibm.com/docs/en/cics-ts/6.x?topic=summary-send-map	605
SEND PAGE	PAGE	no	TRANSID	name	sends	https://www.ibm.com/docs/en/cics-ts/6.x?topic=summary-send-page	616
SEND PAGE	PAGE	no	TRAILER	data-area	sends	https://www.ibm.com/docs/en/cics-ts/6.x?topic=summary-send-page	616
SEND PAGE	PAGE	no	SET	ptr-ref	receives	https://www.ibm.com/docs/en/cics-ts/6.x?topic=summary-send-page	616
SEND PAGE	PAGE	no	FMHPARM	name	sends	https://www.ibm.com/docs/en/cics-ts/6.x?topic=summary-send-page	616
SEND TEXT	TEXT	no	FROM	data-area	sends	https://www.ibm.com/docs/en/cics-ts/6.x?topic=summary-send-text	621
SEND TEXT	TEXT	no	LENGTH	data-value	sends	https://www.ibm.com/docs/en/cics-ts/6.x?topic=summary-send-text	621
SEND TEXT	TEXT	no	CURSOR	data-value	sends	https://www.ibm.com/docs/en/cics-ts/6.x?topic=summary-send-text	621
SEND TEXT	TEXT	no	FMHPARM	name	sends	https://www.ibm.com/docs/en/cics-ts/6.x?topic=summary-send-text	621
SEND TEXT	TEXT	no	OUTPARTN	name	sends	https://www.ibm.com/docs/en/cics-ts/6.x?topic=summary-send-text	621
SEND TEXT	TEXT	no	ACTPARTN	name	sends	https://www.ibm.com/docs/en/cics-ts/6.x?topic=summary-send-text	621
SEND TEXT	TEXT	no	MSR	data-value	sends	https://www.ibm.com/docs/en/cics-ts/6.x?topic=summary-send-text	621
SEND TEXT	TEXT	no	LDC	name	sends	https://www.ibm.com/docs/en/cics-ts/6.x?topic=summary-send-text	621
SEND TEXT	TEXT	no	SET	ptr-ref	receives	https://www.ibm.com/docs/en/cics-ts/6.x?topic=summary-send-text	621
SEND TEXT	TEXT	no	REQID	name	sends	https://www.ibm.com/docs/en/cics-ts/6.x?topic=summary-send-text	621
SEND TEXT	TEXT	no	HEADER	data-area	sends	https://www.ibm.com/docs/en/cics-ts/6.x?topic=summary-send-text	621
SEND TEXT	TEXT	no	TRAILER	data-area	sends	https://www.ibm.com/docs/en/cics-ts/6.x?topic=summary-send-text	621
SEND TEXT	TEXT	no	JUSTIFY	data-value	sends	https://www.ibm.com/docs/en/cics-ts/6.x?topic=summary-send-text	621
SIGNOFF	-	no	-	-	-	https://www.ibm.com/docs/en/cics-ts/6.x?topic=summary-signoff	636
SIGNON	-	no	USERID	data-value	sends	https://www.ibm.com/docs/en/cics-ts/6.x?topic=summary-signon	637
SIGNON	-	no	ESMREASON	data-area	receives	https://www.ibm.com/docs/en/cics-ts/6.x?topic=summary-signon	637
SIGNON	-	no	ESMRESP	data-area	receives	https://www.ibm.com/docs/en/cics-ts/6.x?topic=summary-signon	637
SIGNON	-	no	GROUPID	data-value	sends	https://www.ibm.com/docs/en/cics-ts/6.x?topic=summary-signon	637
SIGNON	-	no	LANGUAGECODE	data-value	sends	https://www.ibm.com/docs/en/cics-ts/6.x?topic=summary-signon	637
SIGNON	-	no	NATLANG	data-value	sends	https://www.ibm.com/docs/en/cics-ts/6.x?topic=summary-signon	637
SIGNON	-	no	LANGINUSE	data-area	receives	https://www.ibm.com/docs/en/cics-ts/6.x?topic=summary-signon	637
SIGNON	-	no	NATLANGINUSE	data-area	receives	https://www.ibm.com/docs/en/cics-ts/6.x?topic=summary-signon	637
SIGNON	-	no	PASSWORD	data-value	sends	https://www.ibm.com/docs/en/cics-ts/6.x?topic=summary-signon	637
SIGNON	-	no	NEWPASSWORD	data-value	sends	https://www.ibm.com/docs/en/cics-ts/6.x?topic=summary-signon	637
SIGNON	-	no	PHRASE	data-area	sends	https://www.ibm.com/docs/en/cics-ts/6.x?topic=summary-signon	637
SIGNON	-	no	PHRASELEN	data-value	sends	https://www.ibm.com/docs/en/cics-ts/6.x?topic=summary-signon	637
SIGNON	-	no	NEWPHRASE	data-area	sends	https://www.ibm.com/docs/en/cics-ts/6.x?topic=summary-signon	637
SIGNON	-	no	NEWPHRASELEN	data-value	sends	https://www.ibm.com/docs/en/cics-ts/6.x?topic=summary-signon	637
SIGNON	-	no	OIDCARD	data-value	sends	https://www.ibm.com/docs/en/cics-ts/6.x?topic=summary-signon	637
START	-	no	TRANSID	name	sends	https://www.ibm.com/docs/en/cics-ts/6.x?topic=summary-start	671
START	-	no	INTERVAL	hhmmss	sends	https://www.ibm.com/docs/en/cics-ts/6.x?topic=summary-start	671
START	-	no	TIME	hhmmss	sends	https://www.ibm.com/docs/en/cics-ts/6.x?topic=summary-start	671
START	-	no	REQID	name	sends	https://www.ibm.com/docs/en/cics-ts/6.x?topic=summary-start	671
START	-	no	HOURS	data-value	sends	https://www.ibm.com/docs/en/cics-ts/6.x?topic=summary-start	671
START	-	no	MINUTES	data-value	sends	https://www.ibm.com/docs/en/cics-ts/6.x?topic=summary-start	671
START	-	no	SECONDS	data-value	sends	https://www.ibm.com/docs/en/cics-ts/6.x?topic=summary-start	671
START	-	no	FROM	data-area	sends	https://www.ibm.com/docs/en/cics-ts/6.x?topic=summary-start	671
START	-	no	LENGTH	data-value	sends	https://www.ibm.com/docs/en/cics-ts/6.x?topic=summary-start	671
START	-	no	TERMID	name	sends	https://www.ibm.com/docs/en/cics-ts/6.x?topic=summary-start	671
START	-	no	USERID	data-value	sends	https://www.ibm.com/docs/en/cics-ts/6.x?topic=summary-start	671
START	-	no	SYSID	systemname	sends	https://www.ibm.com/docs/en/cics-ts/6.x?topic=summary-start	671
START	-	no	RTRANSID	name	sends	https://www.ibm.com/docs/en/cics-ts/6.x?topic=summary-start	671
START	-	no	RTERMID	name	sends	https://www.ibm.com/docs/en/cics-ts/6.x?topic=summary-start	671
START	-	no	QUEUE	name	sends	https://www.ibm.com/docs/en/cics-ts/6.x?topic=summary-start	671
STARTBR	-	no	FILE	filename	sends	https://www.ibm.com/docs/en/cics-ts/6.x?topic=summary-startbr	692
STARTBR	-	no	RIDFLD	data-area	sends	https://www.ibm.com/docs/en/cics-ts/6.x?topic=summary-startbr	692
STARTBR	-	no	KEYLENGTH	data-value	sends	https://www.ibm.com/docs/en/cics-ts/6.x?topic=summary-startbr	692
STARTBR	-	no	REQID	data-value	sends	https://www.ibm.com/docs/en/cics-ts/6.x?topic=summary-startbr	692
STARTBR	-	no	SYSID	systemname	sends	https://www.ibm.com/docs/en/cics-ts/6.x?topic=summary-startbr	692
SYNCPOINT	-	no	-	-	-	https://www.ibm.com/docs/en/cics-ts/6.x?topic=summary-syncpoint	710
SYNCPOINT ROLLBACK	ROLLBACK	no	-	-	-	https://www.ibm.com/docs/en/cics-ts/6.x?topic=summary-syncpoint-rollback	711
UNLOCK	-	no	FILE	filename	sends	https://www.ibm.com/docs/en/cics-ts/6.x?topic=summary-unlock	721
UNLOCK	-	no	TOKEN	data-area	sends	https://www.ibm.com/docs/en/cics-ts/6.x?topic=summary-unlock	721
UNLOCK	-	no	SYSID	systemname	sends	https://www.ibm.com/docs/en/cics-ts/6.x?topic=summary-unlock	721
UPDATE COUNTER	COUNTER DCOUNTER	no	COUNTER	name	sends	https://www.ibm.com/docs/en/cics-ts/6.x?topic=summary-update-counter-update-dcounter	725
UPDATE COUNTER	COUNTER DCOUNTER	no	VALUE	data-value	sends	https://www.ibm.com/docs/en/cics-ts/6.x?topic=summary-update-counter-update-dcounter	725
UPDATE COUNTER	COUNTER DCOUNTER	no	POOL	name	sends	https://www.ibm.com/docs/en/cics-ts/6.x?topic=summary-update-counter-update-dcounter	725
UPDATE COUNTER	COUNTER DCOUNTER	no	COMPAREMIN	data-value	sends	https://www.ibm.com/docs/en/cics-ts/6.x?topic=summary-update-counter-update-dcounter	725
UPDATE COUNTER	COUNTER DCOUNTER	no	COMPAREMAX	data-value	sends	https://www.ibm.com/docs/en/cics-ts/6.x?topic=summary-update-counter-update-dcounter	725
WRITE	-	no	FILE	filename	sends	https://www.ibm.com/docs/en/cics-ts/6.x?topic=summary-write	844
WRITE	-	no	FROM	data-area	sends	https://www.ibm.com/docs/en/cics-ts/6.x?topic=summary-write	844
WRITE	-	no	RIDFLD	data-area	both	https://www.ibm.com/docs/en/cics-ts/6.x?topic=summary-write	844
WRITE	-	no	KEYLENGTH	data-value	sends	https://www.ibm.com/docs/en/cics-ts/6.x?topic=summary-write	844
WRITE	-	no	SYSID	systemname	sends	https://www.ibm.com/docs/en/cics-ts/6.x?topic=summary-write	844
WRITE	-	no	LENGTH	data-value	sends	https://www.ibm.com/docs/en/cics-ts/6.x?topic=summary-write	844
WRITE JOURNALNAME	JOURNALNAME	no	JOURNALNAME	data-value	sends	https://www.ibm.com/docs/en/cics-ts/6.x?topic=summary-write-journalname	852
WRITE JOURNALNAME	JOURNALNAME	no	JTYPEID	data-value	sends	https://www.ibm.com/docs/en/cics-ts/6.x?topic=summary-write-journalname	852
WRITE JOURNALNAME	JOURNALNAME	no	FROM	data-area	sends	https://www.ibm.com/docs/en/cics-ts/6.x?topic=summary-write-journalname	852
WRITE JOURNALNAME	JOURNALNAME	no	FLENGTH	data-value	sends	https://www.ibm.com/docs/en/cics-ts/6.x?topic=summary-write-journalname	852
WRITE JOURNALNAME	JOURNALNAME	no	REQID	data-area	receives	https://www.ibm.com/docs/en/cics-ts/6.x?topic=summary-write-journalname	852
WRITE JOURNALNAME	JOURNALNAME	no	PREFIX	data-value	sends	https://www.ibm.com/docs/en/cics-ts/6.x?topic=summary-write-journalname	852
WRITE JOURNALNAME	JOURNALNAME	no	PFXLENG	data-value	sends	https://www.ibm.com/docs/en/cics-ts/6.x?topic=summary-write-journalname	852
WRITE OPERATOR	OPERATOR	no	TEXT	data-value	sends	https://www.ibm.com/docs/en/cics-ts/6.x?topic=summary-write-operator	857
WRITE OPERATOR	OPERATOR	no	TEXTLENGTH	data-value	sends	https://www.ibm.com/docs/en/cics-ts/6.x?topic=summary-write-operator	857
WRITE OPERATOR	OPERATOR	no	ROUTECODES	data-value	sends	https://www.ibm.com/docs/en/cics-ts/6.x?topic=summary-write-operator	857
WRITE OPERATOR	OPERATOR	no	NUMROUTES	data-value	sends	https://www.ibm.com/docs/en/cics-ts/6.x?topic=summary-write-operator	857
WRITE OPERATOR	OPERATOR	no	ACTION	cvda	sends	https://www.ibm.com/docs/en/cics-ts/6.x?topic=summary-write-operator	857
WRITE OPERATOR	OPERATOR	no	REPLY	data-area	receives	https://www.ibm.com/docs/en/cics-ts/6.x?topic=summary-write-operator	857
WRITE OPERATOR	OPERATOR	no	MAXLENGTH	data-value	sends	https://www.ibm.com/docs/en/cics-ts/6.x?topic=summary-write-operator	857
WRITE OPERATOR	OPERATOR	no	REPLYLENGTH	data-area	receives	https://www.ibm.com/docs/en/cics-ts/6.x?topic=summary-write-operator	857
WRITE OPERATOR	OPERATOR	no	TIMEOUT	data-value	sends	https://www.ibm.com/docs/en/cics-ts/6.x?topic=summary-write-operator	857
WRITEQ TD	TD	no	QUEUE	name	sends	https://www.ibm.com/docs/en/cics-ts/6.x?topic=summary-writeq-td	860
WRITEQ TD	TD	no	FROM	data-area	sends	https://www.ibm.com/docs/en/cics-ts/6.x?topic=summary-writeq-td	860
WRITEQ TD	TD	no	LENGTH	data-value	sends	https://www.ibm.com/docs/en/cics-ts/6.x?topic=summary-writeq-td	860
WRITEQ TD	TD	no	SYSID	systemname	sends	https://www.ibm.com/docs/en/cics-ts/6.x?topic=summary-writeq-td	860
WRITEQ TS	TS	yes	QUEUE	name	sends	https://www.ibm.com/docs/en/cics-ts/6.x?topic=summary-writeq-ts	863
WRITEQ TS	TS	yes	QNAME	name	sends	https://www.ibm.com/docs/en/cics-ts/6.x?topic=summary-writeq-ts	863
WRITEQ TS	TS	yes	FROM	data-area	sends	https://www.ibm.com/docs/en/cics-ts/6.x?topic=summary-writeq-ts	863
WRITEQ TS	TS	yes	LENGTH	data-value	sends	https://www.ibm.com/docs/en/cics-ts/6.x?topic=summary-writeq-ts	863
WRITEQ TS	TS	yes	NUMITEMS	data-area	receives	https://www.ibm.com/docs/en/cics-ts/6.x?topic=summary-writeq-ts	863
WRITEQ TS	TS	yes	ITEM	data-area	both	https://www.ibm.com/docs/en/cics-ts/6.x?topic=summary-writeq-ts	863
WRITEQ TS	TS	yes	SYSID	systemname	sends	https://www.ibm.com/docs/en/cics-ts/6.x?topic=summary-writeq-ts	863
XCTL	-	no	PROGRAM	name	sends	https://www.ibm.com/docs/en/cics-ts/6.x?topic=summary-xctl	882
XCTL	-	no	COMMAREA	data-area	sends	https://www.ibm.com/docs/en/cics-ts/6.x?topic=summary-xctl	882
XCTL	-	no	CHANNEL	name	sends	https://www.ibm.com/docs/en/cics-ts/6.x?topic=summary-xctl	882
XCTL	-	no	LENGTH	data-value	sends	https://www.ibm.com/docs/en/cics-ts/6.x?topic=summary-xctl	882
XCTL	-	no	INPUTMSG	data-area	sends	https://www.ibm.com/docs/en/cics-ts/6.x?topic=summary-xctl	882
XCTL	-	no	INPUTMSGLEN	data-value	sends	https://www.ibm.com/docs/en/cics-ts/6.x?topic=summary-xctl	882
