# The number DFHRESP(condition) stands for, as EIBRESP holds it: CICS Transaction Server for z/OS Version 5 Release 3, Application Programming Reference (SC34-7402-00), page 902, and CICS TS 6.x: EIB fields including EIBRESP and EIBRESP2 for what that reference lacks.
# GENERATED from cobolwork's provenance/precompile.json by diag/generate-precompile.mjs; ironwork vendors this file.
# condition	value	source	page
NORMAL	0	https://publibfp.dhe.ibm.com/epubs/pdf/dfhp4h00.pdf	902
ERROR	1	https://publibfp.dhe.ibm.com/epubs/pdf/dfhp4h00.pdf	902
RDATT	2	https://publibfp.dhe.ibm.com/epubs/pdf/dfhp4h00.pdf	902
WRBRK	3	https://publibfp.dhe.ibm.com/epubs/pdf/dfhp4h00.pdf	902
EOF	4	https://publibfp.dhe.ibm.com/epubs/pdf/dfhp4h00.pdf	902
EODS	5	https://publibfp.dhe.ibm.com/epubs/pdf/dfhp4h00.pdf	902
EOC	6	https://publibfp.dhe.ibm.com/epubs/pdf/dfhp4h00.pdf	902
INBFMH	7	https://publibfp.dhe.ibm.com/epubs/pdf/dfhp4h00.pdf	902
ENDINPT	8	https://publibfp.dhe.ibm.com/epubs/pdf/dfhp4h00.pdf	902
NONVAL	9	https://publibfp.dhe.ibm.com/epubs/pdf/dfhp4h00.pdf	902
NOSTART	10	https://publibfp.dhe.ibm.com/epubs/pdf/dfhp4h00.pdf	902
TERMIDERR	11	https://publibfp.dhe.ibm.com/epubs/pdf/dfhp4h00.pdf	902
FILENOTFOUND	12	https://publibfp.dhe.ibm.com/epubs/pdf/dfhp4h00.pdf	902
NOTFND	13	https://publibfp.dhe.ibm.com/epubs/pdf/dfhp4h00.pdf	902
DUPREC	14	https://publibfp.dhe.ibm.com/epubs/pdf/dfhp4h00.pdf	902
DUPKEY	15	https://publibfp.dhe.ibm.com/epubs/pdf/dfhp4h00.pdf	902
INVREQ	16	https://publibfp.dhe.ibm.com/epubs/pdf/dfhp4h00.pdf	902
IOERR	17	https://publibfp.dhe.ibm.com/epubs/pdf/dfhp4h00.pdf	902
NOSPACE	18	https://publibfp.dhe.ibm.com/epubs/pdf/dfhp4h00.pdf	902
NOTOPEN	19	https://publibfp.dhe.ibm.com/epubs/pdf/dfhp4h00.pdf	902
ENDFILE	20	https://publibfp.dhe.ibm.com/epubs/pdf/dfhp4h00.pdf	902
ILLOGIC	21	https://publibfp.dhe.ibm.com/epubs/pdf/dfhp4h00.pdf	902
LENGERR	22	https://publibfp.dhe.ibm.com/epubs/pdf/dfhp4h00.pdf	902
QZERO	23	https://publibfp.dhe.ibm.com/epubs/pdf/dfhp4h00.pdf	902
SIGNAL	24	https://publibfp.dhe.ibm.com/epubs/pdf/dfhp4h00.pdf	902
QBUSY	25	https://publibfp.dhe.ibm.com/epubs/pdf/dfhp4h00.pdf	902
ITEMERR	26	https://publibfp.dhe.ibm.com/epubs/pdf/dfhp4h00.pdf	902
PGMIDERR	27	https://publibfp.dhe.ibm.com/epubs/pdf/dfhp4h00.pdf	902
TRANSIDERR	28	https://publibfp.dhe.ibm.com/epubs/pdf/dfhp4h00.pdf	902
ENDDATA	29	https://publibfp.dhe.ibm.com/epubs/pdf/dfhp4h00.pdf	902
INVTSREQ	30	https://publibfp.dhe.ibm.com/epubs/pdf/dfhp4h00.pdf	902
EXPIRED	31	https://publibfp.dhe.ibm.com/epubs/pdf/dfhp4h00.pdf	902
RETPAGE	32	https://publibfp.dhe.ibm.com/epubs/pdf/dfhp4h00.pdf	902
RTEFAIL	33	https://publibfp.dhe.ibm.com/epubs/pdf/dfhp4h00.pdf	902
RTESOME	34	https://publibfp.dhe.ibm.com/epubs/pdf/dfhp4h00.pdf	902
TSIOERR	35	https://publibfp.dhe.ibm.com/epubs/pdf/dfhp4h00.pdf	902
MAPFAIL	36	https://publibfp.dhe.ibm.com/epubs/pdf/dfhp4h00.pdf	902
INVERRTERM	37	https://publibfp.dhe.ibm.com/epubs/pdf/dfhp4h00.pdf	902
INVMPSZ	38	https://publibfp.dhe.ibm.com/epubs/pdf/dfhp4h00.pdf	902
IGREQID	39	https://publibfp.dhe.ibm.com/epubs/pdf/dfhp4h00.pdf	902
OVERFLOW	40	https://publibfp.dhe.ibm.com/epubs/pdf/dfhp4h00.pdf	902
INVLDC	41	https://publibfp.dhe.ibm.com/epubs/pdf/dfhp4h00.pdf	902
NOSTG	42	https://publibfp.dhe.ibm.com/epubs/pdf/dfhp4h00.pdf	902
JIDERR	43	https://publibfp.dhe.ibm.com/epubs/pdf/dfhp4h00.pdf	902
QIDERR	44	https://publibfp.dhe.ibm.com/epubs/pdf/dfhp4h00.pdf	902
NOJBUFSP	45	https://publibfp.dhe.ibm.com/epubs/pdf/dfhp4h00.pdf	902
DSSTAT	46	https://publibfp.dhe.ibm.com/epubs/pdf/dfhp4h00.pdf	902
SELNERR	47	https://publibfp.dhe.ibm.com/epubs/pdf/dfhp4h00.pdf	902
FUNCERR	48	https://publibfp.dhe.ibm.com/epubs/pdf/dfhp4h00.pdf	902
UNEXPIN	49	https://publibfp.dhe.ibm.com/epubs/pdf/dfhp4h00.pdf	902
NOPASSBKRD	50	https://publibfp.dhe.ibm.com/epubs/pdf/dfhp4h00.pdf	902
NOPASSBKWR	51	https://publibfp.dhe.ibm.com/epubs/pdf/dfhp4h00.pdf	902
SEGIDERR	52	https://publibfp.dhe.ibm.com/epubs/pdf/dfhp4h00.pdf	902
SYSIDERR	53	https://publibfp.dhe.ibm.com/epubs/pdf/dfhp4h00.pdf	902
ISCINVREQ	54	https://publibfp.dhe.ibm.com/epubs/pdf/dfhp4h00.pdf	902
ENQBUSY	55	https://publibfp.dhe.ibm.com/epubs/pdf/dfhp4h00.pdf	902
ENVDEFERR	56	https://publibfp.dhe.ibm.com/epubs/pdf/dfhp4h00.pdf	902
IGREQCD	57	https://publibfp.dhe.ibm.com/epubs/pdf/dfhp4h00.pdf	902
SESSIONERR	58	https://publibfp.dhe.ibm.com/epubs/pdf/dfhp4h00.pdf	902
SYSBUSY	59	https://publibfp.dhe.ibm.com/epubs/pdf/dfhp4h00.pdf	902
SESSBUSY	60	https://publibfp.dhe.ibm.com/epubs/pdf/dfhp4h00.pdf	902
NOTALLOC	61	https://publibfp.dhe.ibm.com/epubs/pdf/dfhp4h00.pdf	902
CBIDERR	62	https://publibfp.dhe.ibm.com/epubs/pdf/dfhp4h00.pdf	902
INVEXITREQ	63	https://publibfp.dhe.ibm.com/epubs/pdf/dfhp4h00.pdf	902
INVPARTNSET	64	https://publibfp.dhe.ibm.com/epubs/pdf/dfhp4h00.pdf	902
INVPARTN	65	https://publibfp.dhe.ibm.com/epubs/pdf/dfhp4h00.pdf	902
PARTNFAIL	66	https://publibfp.dhe.ibm.com/epubs/pdf/dfhp4h00.pdf	902
USERIDERR	69	https://publibfp.dhe.ibm.com/epubs/pdf/dfhp4h00.pdf	902
NOTAUTH	70	https://publibfp.dhe.ibm.com/epubs/pdf/dfhp4h00.pdf	902
VOLIDERR	71	https://publibfp.dhe.ibm.com/epubs/pdf/dfhp4h00.pdf	902
SUPPRESSED	72	https://publibfp.dhe.ibm.com/epubs/pdf/dfhp4h00.pdf	902
RESIDERR	75	https://publibfp.dhe.ibm.com/epubs/pdf/dfhp4h00.pdf	902
NOSPOOL	80	https://publibfp.dhe.ibm.com/epubs/pdf/dfhp4h00.pdf	902
TERMERR	81	https://publibfp.dhe.ibm.com/epubs/pdf/dfhp4h00.pdf	902
ROLLEDBACK	82	https://publibfp.dhe.ibm.com/epubs/pdf/dfhp4h00.pdf	902
END	83	https://publibfp.dhe.ibm.com/epubs/pdf/dfhp4h00.pdf	902
DISABLED	84	https://publibfp.dhe.ibm.com/epubs/pdf/dfhp4h00.pdf	902
ALLOCERR	85	https://publibfp.dhe.ibm.com/epubs/pdf/dfhp4h00.pdf	902
STRELERR	86	https://publibfp.dhe.ibm.com/epubs/pdf/dfhp4h00.pdf	902
OPENERR	87	https://publibfp.dhe.ibm.com/epubs/pdf/dfhp4h00.pdf	902
SPOLBUSY	88	https://publibfp.dhe.ibm.com/epubs/pdf/dfhp4h00.pdf	902
SPOLERR	89	https://publibfp.dhe.ibm.com/epubs/pdf/dfhp4h00.pdf	902
NODEIDERR	90	https://publibfp.dhe.ibm.com/epubs/pdf/dfhp4h00.pdf	902
TASKIDERR	91	https://publibfp.dhe.ibm.com/epubs/pdf/dfhp4h00.pdf	902
TCIDERR	92	https://publibfp.dhe.ibm.com/epubs/pdf/dfhp4h00.pdf	902
DSNNOTFOUND	93	https://publibfp.dhe.ibm.com/epubs/pdf/dfhp4h00.pdf	902
LOADING	94	https://publibfp.dhe.ibm.com/epubs/pdf/dfhp4h00.pdf	902
MODELIDERR	95	https://publibfp.dhe.ibm.com/epubs/pdf/dfhp4h00.pdf	902
OUTDESCRERR	96	https://publibfp.dhe.ibm.com/epubs/pdf/dfhp4h00.pdf	902
PARTNERIDERR	97	https://publibfp.dhe.ibm.com/epubs/pdf/dfhp4h00.pdf	902
PROFILEIDERR	98	https://publibfp.dhe.ibm.com/epubs/pdf/dfhp4h00.pdf	902
NETNAMEIDERR	99	https://publibfp.dhe.ibm.com/epubs/pdf/dfhp4h00.pdf	902
LOCKED	100	https://publibfp.dhe.ibm.com/epubs/pdf/dfhp4h00.pdf	902
RECORDBUSY	101	https://publibfp.dhe.ibm.com/epubs/pdf/dfhp4h00.pdf	902
UOWNOTFOUND	102	https://publibfp.dhe.ibm.com/epubs/pdf/dfhp4h00.pdf	902
UOWLNOTFOUND	103	https://publibfp.dhe.ibm.com/epubs/pdf/dfhp4h00.pdf	902
LINKABEND	104	https://publibfp.dhe.ibm.com/epubs/pdf/dfhp4h00.pdf	902
CHANGED	105	https://publibfp.dhe.ibm.com/epubs/pdf/dfhp4h00.pdf	902
PROCESSBUSY	106	https://publibfp.dhe.ibm.com/epubs/pdf/dfhp4h00.pdf	902
ACTIVITYBUSY	107	https://publibfp.dhe.ibm.com/epubs/pdf/dfhp4h00.pdf	902
PROCESSERR	108	https://publibfp.dhe.ibm.com/epubs/pdf/dfhp4h00.pdf	902
ACTIVITYERR	109	https://publibfp.dhe.ibm.com/epubs/pdf/dfhp4h00.pdf	902
CONTAINERERR	110	https://publibfp.dhe.ibm.com/epubs/pdf/dfhp4h00.pdf	902
EVENTERR	111	https://publibfp.dhe.ibm.com/epubs/pdf/dfhp4h00.pdf	902
TOKENERR	112	https://publibfp.dhe.ibm.com/epubs/pdf/dfhp4h00.pdf	902
NOTFINISHED	113	https://publibfp.dhe.ibm.com/epubs/pdf/dfhp4h00.pdf	902
POOLERR	114	https://publibfp.dhe.ibm.com/epubs/pdf/dfhp4h00.pdf	902
TIMERERR	115	https://publibfp.dhe.ibm.com/epubs/pdf/dfhp4h00.pdf	902
SYMBOLERR	116	https://publibfp.dhe.ibm.com/epubs/pdf/dfhp4h00.pdf	902
TEMPLATERR	117	https://publibfp.dhe.ibm.com/epubs/pdf/dfhp4h00.pdf	902
NOTSUPERUSER	118	https://publibfp.dhe.ibm.com/epubs/pdf/dfhp4h00.pdf	902
CSDERR	119	https://publibfp.dhe.ibm.com/epubs/pdf/dfhp4h00.pdf	902
DUPRES	120	https://publibfp.dhe.ibm.com/epubs/pdf/dfhp4h00.pdf	902
RESUNAVAIL	121	https://publibfp.dhe.ibm.com/epubs/pdf/dfhp4h00.pdf	902
CHANNELERR	122	https://publibfp.dhe.ibm.com/epubs/pdf/dfhp4h00.pdf	902
CCSIDERR	123	https://publibfp.dhe.ibm.com/epubs/pdf/dfhp4h00.pdf	902
TIMEDOUT	124	https://publibfp.dhe.ibm.com/epubs/pdf/dfhp4h00.pdf	902
CODEPAGEERR	125	https://publibfp.dhe.ibm.com/epubs/pdf/dfhp4h00.pdf	902
INCOMPLETE	126	https://publibfp.dhe.ibm.com/epubs/pdf/dfhp4h00.pdf	902
APPNOTFOUND	127	https://publibfp.dhe.ibm.com/epubs/pdf/dfhp4h00.pdf	902
BUSY	128	https://www.ibm.com/docs/en/cics-ts/6.x?topic=reference-eib-fields	-
