# The words IBM Enterprise COBOL for z/OS 6.4 lists in its Language Reference appendix "Reserved words" (https://www.ibm.com/docs/en/cobol-zos/6.4?topic=appendixes-reserved-words), each with the column it is marked in: 401 reserved, 52 standard-only, 62 potential.
# Only a reserved word is refused as a user-defined name: a standard-only word is reserved by the COBOL standard and not by Enterprise COBOL, and a potential one may be in a later release.
# GENERATED by diag/generate-reserved.mjs from the appendix page (139350 bytes, sha256 3a9d7a31f6241dd2d3b8a4d019b02a6851e0687b3510dc44755f1431b466ae52); ironwork vendors this file.
# word	category
ACCEPT	reserved
ACCESS	reserved
ACTIVE-CLASS	potential
ADD	reserved
ADDRESS	reserved
ADVANCING	reserved
AFTER	reserved
ALIGNED	potential
ALL	reserved
ALLOCATE	reserved
ALPHABET	reserved
ALPHABETIC	reserved
ALPHABETIC-LOWER	reserved
ALPHABETIC-UPPER	reserved
ALPHANUMERIC	reserved
ALPHANUMERIC-EDITED	reserved
ALSO	reserved
ALTER	reserved
ALTERNATE	reserved
AND	reserved
ANY	reserved
ANYCASE	potential
APPLY	reserved
ARE	reserved
AREA	reserved
AREAS	reserved
ASCENDING	reserved
ASSIGN	reserved
AT	reserved
AUTHOR	reserved
B-AND	potential
B-NOT	potential
B-OR	potential
B-XOR	potential
BASED	potential
BASIS	reserved
BEFORE	reserved
BEGINNING	reserved
BINARY	reserved
BINARY-CHAR	potential
BINARY-DOUBLE	potential
BINARY-LONG	potential
BINARY-SHORT	potential
BIT	potential
BLANK	reserved
BLOCK	reserved
BOOLEAN	potential
BOTTOM	reserved
BY	reserved
BYTE-LENGTH	reserved
CALL	reserved
CANCEL	reserved
CBL	reserved
CD	standard-only
CF	standard-only
CH	standard-only
CHARACTER	reserved
CHARACTERS	reserved
CLASS	reserved
CLASS-ID	reserved
CLOCK-UNITS	standard-only
CLOSE	reserved
COBOL	reserved
CODE	reserved
CODE-SET	reserved
COL	potential
COLLATING	reserved
COLS	potential
COLUMN	standard-only
COLUMNS	potential
COM-REG	reserved
COMMA	reserved
COMMON	reserved
COMMUNICATION	standard-only
COMP	reserved
COMP-1	reserved
COMP-2	reserved
COMP-3	reserved
COMP-4	reserved
COMP-5	reserved
COMPUTATIONAL	reserved
COMPUTATIONAL-1	reserved
COMPUTATIONAL-2	reserved
COMPUTATIONAL-3	reserved
COMPUTATIONAL-4	reserved
COMPUTATIONAL-5	reserved
COMPUTE	reserved
CONDITION	potential
CONFIGURATION	reserved
CONSTANT	potential
CONTAINS	reserved
CONTENT	reserved
CONTINUE	reserved
CONTROL	standard-only
CONTROLS	standard-only
CONVERTING	reserved
COPY	reserved
CORR	reserved
CORRESPONDING	reserved
COUNT	reserved
CRT	potential
CURRENCY	reserved
CURSOR	potential
DATA	reserved
DATA-POINTER	potential
DATE	reserved
DATE-COMPILED	reserved
DATE-WRITTEN	reserved
DAY	reserved
DAY-OF-WEEK	reserved
DBCS	reserved
DE	standard-only
DEBUG-CONTENTS	reserved
DEBUG-ITEM	reserved
DEBUG-LINE	reserved
DEBUG-NAME	reserved
DEBUG-SUB-1	reserved
DEBUG-SUB-2	reserved
DEBUG-SUB-3	reserved
DEBUGGING	reserved
DECIMAL-POINT	reserved
DECLARATIVES	reserved
DEFAULT	reserved
DELETE	reserved
DELIMITED	reserved
DELIMITER	reserved
DEPENDING	reserved
DESCENDING	reserved
DESTINATION	standard-only
DETAIL	standard-only
DISABLE	standard-only
DISPLAY	reserved
DISPLAY-1	reserved
DIVIDE	reserved
DIVISION	reserved
DOWN	reserved
DUPLICATES	reserved
DYNAMIC	reserved
EC	potential
EGCS	reserved
EGI	standard-only
EJECT	reserved
ELSE	reserved
EMI	standard-only
ENABLE	standard-only
END	reserved
END-ACCEPT	potential
END-ADD	reserved
END-CALL	reserved
END-COMPUTE	reserved
END-DELETE	reserved
END-DISPLAY	potential
END-DIVIDE	reserved
END-EVALUATE	reserved
END-EXEC	reserved
END-IF	reserved
END-INVOKE	reserved
END-JSON	reserved
END-MULTIPLY	reserved
END-OF-PAGE	reserved
END-PERFORM	reserved
END-READ	reserved
END-RECEIVE	standard-only
END-RETURN	reserved
END-REWRITE	reserved
END-SEARCH	reserved
END-START	reserved
END-STRING	reserved
END-SUBTRACT	reserved
END-UNSTRING	reserved
END-WRITE	reserved
END-XML	reserved
ENDING	reserved
ENTER	reserved
ENTRY	reserved
ENVIRONMENT	reserved
EO	potential
EOP	reserved
EQUAL	reserved
ERROR	reserved
ESI	standard-only
EVALUATE	reserved
EVERY	reserved
EXCEPTION	reserved
EXCEPTION-OBJECT	potential
EXEC	reserved
EXECUTE	reserved
EXIT	reserved
EXTEND	reserved
EXTERNAL	reserved
FACTORY	reserved
FALSE	reserved
FD	reserved
FILE	reserved
FILE-CONTROL	reserved
FILLER	reserved
FINAL	standard-only
FIRST	reserved
FLOAT-EXTENDED	potential
FLOAT-LONG	potential
FLOAT-SHORT	potential
FOOTING	reserved
FOR	reserved
FORMAT	potential
FREE	reserved
FROM	reserved
FUNCTION	reserved
FUNCTION-ID	potential
FUNCTION-POINTER	reserved
GENERATE	reserved
GET	potential
GIVING	reserved
GLOBAL	reserved
GO	reserved
GOBACK	reserved
GREATER	reserved
GROUP	standard-only
GROUP-USAGE	reserved
HEADING	standard-only
HIGH-VALUE	reserved
HIGH-VALUES	reserved
I-O	reserved
I-O-CONTROL	reserved
ID	reserved
IDENTIFICATION	reserved
IF	reserved
IN	reserved
INDEX	reserved
INDEXED	reserved
INDICATE	standard-only
INHERITS	reserved
INITIAL	reserved
INITIALIZE	reserved
INITIATE	standard-only
INPUT	reserved
INPUT-OUTPUT	reserved
INSERT	reserved
INSPECT	reserved
INSTALLATION	reserved
INTERFACE	potential
INTERFACE-ID	potential
INTO	reserved
INVALID	reserved
INVOKE	reserved
IS	reserved
JAVA	reserved
JNIENVPTR	reserved
JSON	reserved
JSON-CODE	reserved
JSON-STATUS	reserved
JUST	reserved
JUSTIFIED	reserved
KANJI	reserved
KEY	reserved
LABEL	reserved
LAST	standard-only
LEADING	reserved
LEFT	reserved
LENGTH	reserved
LESS	reserved
LIMIT	reserved
LIMITS	standard-only
LINAGE	reserved
LINAGE-COUNTER	reserved
LINE	reserved
LINE-COUNTER	standard-only
LINES	reserved
LINKAGE	reserved
LOCAL-STORAGE	reserved
LOCALE	potential
LOCK	reserved
LOW-VALUE	reserved
LOW-VALUES	reserved
MEMORY	reserved
MERGE	reserved
MESSAGE	standard-only
METHOD	reserved
METHOD-ID	reserved
MINUS	potential
MODE	reserved
MODULES	reserved
MORE-LABELS	reserved
MOVE	reserved
MULTIPLE	reserved
MULTIPLY	reserved
NATIONAL	reserved
NATIONAL-EDITED	reserved
NATIVE	reserved
NEGATIVE	reserved
NESTED	potential
NEXT	reserved
NO	reserved
NOT	reserved
NULL	reserved
NULLS	reserved
NUMBER	standard-only
NUMERIC	reserved
NUMERIC-EDITED	reserved
OBJECT	reserved
OBJECT-COMPUTER	reserved
OBJECT-REFERENCE	potential
OCCURS	reserved
OF	reserved
OFF	reserved
OMITTED	reserved
ON	reserved
OPEN	reserved
OPTIONAL	reserved
OPTIONS	potential
OR	reserved
ORDER	reserved
ORGANIZATION	reserved
OTHER	reserved
OUTPUT	reserved
OVERFLOW	reserved
OVERRIDE	reserved
PACKED-DECIMAL	reserved
PADDING	reserved
PAGE	reserved
PAGE-COUNTER	standard-only
PASSWORD	reserved
PERFORM	reserved
PF	standard-only
PH	standard-only
PIC	reserved
PICTURE	reserved
PLUS	standard-only
POINTER	reserved
POINTER-24	potential
POINTER-31	potential
POINTER-32	reserved
POINTER-64	potential
POSITION	reserved
POSITIVE	reserved
PRESENT	potential
PRINTING	standard-only
PROCEDURE	reserved
PROCEDURE-POINTER	reserved
PROCEDURES	reserved
PROCEED	reserved
PROCESSING	reserved
PROGRAM	reserved
PROGRAM-ID	reserved
PROGRAM-POINTER	potential
PROPERTY	potential
PROTOTYPE	reserved
PURGE	standard-only
QUEUE	standard-only
QUOTE	reserved
QUOTES	reserved
RAISE	potential
RAISING	potential
RANDOM	reserved
RD	standard-only
READ	reserved
READY	reserved
RECEIVE	standard-only
RECORD	reserved
RECORDING	reserved
RECORDS	reserved
RECURSIVE	reserved
REDEFINES	reserved
REEL	reserved
REFERENCE	reserved
REFERENCES	reserved
RELATIVE	reserved
RELEASE	reserved
RELOAD	reserved
REMAINDER	reserved
REMOVAL	reserved
RENAMES	reserved
REPLACE	reserved
REPLACING	reserved
REPORT	standard-only
REPORTING	standard-only
REPORTS	standard-only
REPOSITORY	reserved
RERUN	reserved
RESERVE	reserved
RESET	reserved
RESUME	potential
RETRY	potential
RETURN	reserved
RETURN-CODE	reserved
RETURNING	reserved
REVERSED	reserved
REWIND	reserved
REWRITE	reserved
RF	standard-only
RH	standard-only
RIGHT	reserved
ROUNDED	reserved
RUN	reserved
SAME	reserved
SCREEN	potential
SD	reserved
SEARCH	reserved
SECTION	reserved
SECURITY	reserved
SEGMENT	standard-only
SEGMENT-LIMIT	reserved
SELECT	reserved
SELF	reserved
SEND	standard-only
SENTENCE	reserved
SEPARATE	reserved
SEQUENCE	reserved
SEQUENTIAL	reserved
SERVICE	reserved
SET	reserved
SHARING	potential
SHIFT-IN	reserved
SHIFT-OUT	reserved
SIGN	reserved
SIZE	reserved
SKIP1	reserved
SKIP2	reserved
SKIP3	reserved
SORT	reserved
SORT-CONTROL	reserved
SORT-CORE-SIZE	reserved
SORT-FILE-SIZE	reserved
SORT-MERGE	reserved
SORT-MESSAGE	reserved
SORT-MODE-SIZE	reserved
SORT-RETURN	reserved
SOURCE	standard-only
SOURCE-COMPUTER	reserved
SOURCES	potential
SPACE	reserved
SPACES	reserved
SPECIAL-NAMES	reserved
SQL	reserved
SQLIMS	reserved
STANDARD	reserved
STANDARD-1	reserved
STANDARD-2	reserved
START	reserved
STATUS	reserved
STOP	reserved
STRING	reserved
SUB-QUEUE-1	standard-only
SUB-QUEUE-2	standard-only
SUB-QUEUE-3	standard-only
SUBTRACT	reserved
SUM	standard-only
SUPER	reserved
SUPPRESS	reserved
SYMBOLIC	reserved
SYNC	reserved
SYNCHRONIZED	reserved
SYSTEM-DEFAULT	potential
TABLE	standard-only
TALLY	reserved
TALLYING	reserved
TAPE	reserved
TERMINAL	standard-only
TERMINATE	standard-only
TEST	reserved
TEXT	standard-only
THAN	reserved
THEN	reserved
THROUGH	reserved
THRU	reserved
TIME	reserved
TIMES	reserved
TITLE	reserved
TO	reserved
TOP	reserved
TRACE	reserved
TRAILING	reserved
TRUE	reserved
TYPE	reserved
TYPEDEF	potential
UNIT	reserved
UNIVERSAL	potential
UNLOCK	potential
UNSTRING	reserved
UNTIL	reserved
UP	reserved
UPON	reserved
USAGE	reserved
USE	reserved
USER-DEFAULT	potential
USING	reserved
UTF-8	reserved
VAL-STATUS	potential
VALID	potential
VALIDATE	potential
VALIDATE-STATUS	potential
VALUE	reserved
VALUES	reserved
VARYING	reserved
VOLATILE	reserved
WHEN	reserved
WHEN-COMPILED	reserved
WITH	reserved
WORDS	reserved
WORKING-STORAGE	reserved
WRITE	reserved
WRITE-ONLY	reserved
XML	reserved
XML-CODE	reserved
XML-EVENT	reserved
XML-INFORMATION	reserved
XML-NAMESPACE	reserved
XML-NAMESPACE-PREFIX	reserved
XML-NNAMESPACE	reserved
XML-NNAMESPACE-PREFIX	reserved
XML-NTEXT	reserved
XML-SCHEMA	reserved
XML-TEXT	reserved
ZERO	reserved
ZEROES	reserved
ZEROS	reserved
